<?xml version="1.0" encoding="utf-8"?>
<changelog>
    <release version="1.3.2" date="2016-03-31">
        <change>Better and faster saving</change>
    </release>
    <release version="1.3.1" date="2015-08-11">
        <change>Bug with occasionally deleting the custom code</change>
    </release>
    <release version="1.3.0" date="2015-08-11">
        <change>Bug with occasionally deleting the custom code</change>
    </release>
    <release version="1.2.2" date="2015-03-11">
        <change>Bug with empty custom code</change>
    </release>
    <release version="1.2.1" date="2015-03-11">
        <change>Bug with empty custom code</change>
    </release>
    <release version="1.2.0" date="2015-01-05">
        <change>Bug with disabled hightlighting</change>
    </release>
    <release version="1.1.9" date="2014-12-12">
        <change>Bug with limited count of custom post codes</change>
    </release>
    <release version="1.1.8" date="2014-09-26">
        <change>Error array offset key</change>
    </release>
	<release version="1.1.7" date="2014-07-29">
        <change>Error including javascript</change>
    </release>
	<release version="1.1.6" date="2014-07-29">
        <change>Error including javascript</change>
    </release>
	<release version="1.1.5" date="2014-07-18">
        <change>Error when printing html elements in editor</change>
    </release>
    <release version="1.1.4" date="2014-06-24">
        <change>Error forgotten use tracy statements</change>
    </release>
    <release version="1.1.3" date="2014-05-12">
        <change>Error in invalid argument supplied for foreach() in pluginClass.php on line 68 = fixed</change>
    </release>
    <release version="1.1.2" date="2014-05-12">
        <change>Error in class.ffConditionalLogicEvaluator.php on line 185 = fixed</change>
    </release>
    <release version="1.1.1" date="2014-05-12">
        <change>Unsupported screenshot format = fixed</change>
    </release>
    <release version="1.1.0" date="2014-05-12">
        <change>Ability to have the Custom Code inserted as an External File instead of directly inline = new</change>
        <change>More conditions for Conditional Logic (posted in, is mobile, browser and more) = new</change>
        <change>Ability to write PHP syntax = new</change>
        <change>Small bugs = fixed</change>
    </release>
    <release version="1.0.1" date="2014-05-11">
        <change>Logic shows only 5 posts = fixed</change>
        <change>Invalid arguments passed in ffConditionalLogicEvaluator = fixed</change>
        <change>Code now prints right before the closing HEAD and BODY tags = improvement</change>
    </release>
    <release version="1.0.0" date="2014-05-09">
        <change>Initial release</change>
    </release>
</changelog>