{"schema":{"folders":{"ultimate_icon_fonts":"Ultimate_VC_Addons\/icon-fonts"}},"theme_options":{"general-content_width":"1250px","general-layout":"wide","general-box_width":"1280px","general-boxed_bg_color":"#ffffff","general-boxed_bg_image":{"image":"","repeat":"no-repeat","position_x":"center","position_y":"center"},"general-boxed_bg_fullscreen":false,"general-boxed_bg_fixed":false,"general-bg_color":"#ffffff","general-bg_opacity":100,"general-bg_image":{"image":"","repeat":"repeat","position_x":"center","position_y":"top"},"general-bg_fullscreen":false,"general-bg_fixed":false,"general-content_boxes_bg_color":"#f5f5f5","general-content_boxes_bg_opacity":100,"general-content_boxes_decoration":"none","general-content_boxes_decoration_outline_color":"#000000","general-content_boxes_decoration_outline_opacity":0,"general-filter_style":"minimal","general-filter-font-family":"Raleway:700","general-filter-font-size":15,"general-filter_ucase":false,"general-filter-padding-top":6,"general-filter-padding-right":15,"general-filter-padding-bottom":6,"general-filter-padding-left":16,"general-filter-margin-top":0,"general-filter-margin-right":5,"general-filter-margin-bottom":0,"general-filter-margin-left":0,"content-headers_color":"#333333","content-primary_text_color":"#888888","general-accent_color_mode":"color","general-accent_bg_color":"#ff9934","general-accent_bg_color_gradient":["#0ca2e0","#27dde8"],"general-border_radius":0,"general-contact_form_style":"minimal","general-slideshow_bullets_style":"accent","general-beautiful_loading":"enabled","general-fullscreen_overlay_color_mode":"accent","general-fullscreen_overlay_color":"#000000","general-fullscreen_overlay_gradient":["#2edded","#0084bb"],"general-fullscreen_overlay_opacity":96,"general-spinner_color":"#ffffff","general-spinner_opacity":100,"general-loader_style":"double_circles","general-custom_loader":"","general-custom_css":"\/* Custom style for Ultimate model button *\/\r\n.map_button .btn-modal  {\r\n  padding: 3px 15px !important;\r\n   border:none;\r\n}\r\n\r\n","general-responsive":"1","general-responsiveness-treshold":970,"general-side_content_paddings":48,"general-switch_content_paddings":768,"general-mobile_side_content_paddings":24,"general-images_lazy_loading":"1","general-smooth_scroll":"off","general-hide_plugins_notifications":false,"header-layout":"split","header-classic-show_elements":"1","header-classic-elements":{"top_bar_left":["custom_menu","cart"],"top_bar_right":["search"],"near_menu_right":["social_icons"],"near_logo_right":["phone","email"]},"header-classic-elements-near_menu_right-padding-top":0,"header-classic-elements-near_menu_right-padding-right":0,"header-classic-elements-near_menu_right-padding-bottom":0,"header-classic-elements-near_menu_right-padding-left":40,"header-classic-elements-near_logo_left-padding-top":0,"header-classic-elements-near_logo_left-padding-right":0,"header-classic-elements-near_logo_left-padding-bottom":0,"header-classic-elements-near_logo_left-padding-left":0,"header-classic-elements-near_logo_right-padding-top":0,"header-classic-elements-near_logo_right-padding-right":0,"header-classic-elements-near_logo_right-padding-bottom":0,"header-classic-elements-near_logo_right-padding-left":0,"header-inline-show_elements":"1","header-inline-elements":{"top_bar_left":["phone","email","working_hours"],"top_bar_right":["social_icons"],"near_menu_right":["cart","search"]},"header-inline-elements-near_menu_right-padding-top":0,"header-inline-elements-near_menu_right-padding-right":0,"header-inline-elements-near_menu_right-padding-bottom":0,"header-inline-elements-near_menu_right-padding-left":27,"header-split-show_elements":"0","header-split-elements":{"top_bar_left":["phone","email","working_hours"],"top_bar_right":["social_icons"]},"header-split-elements-near_menu_left-padding-top":0,"header-split-elements-near_menu_left-padding-right":20,"header-split-elements-near_menu_left-padding-bottom":0,"header-split-elements-near_menu_left-padding-left":20,"header-split-elements-near_menu_right-padding-top":0,"header-split-elements-near_menu_right-padding-right":20,"header-split-elements-near_menu_right-padding-bottom":0,"header-split-elements-near_menu_right-padding-left":20,"header-side-show_elements":"1","header-side-elements":{"below_menu":["social_icons","email","skype"]},"header-side-elements-below_menu-padding-top":0,"header-side-elements-below_menu-padding-right":35,"header-side-elements-below_menu-padding-bottom":0,"header-side-elements-below_menu-padding-left":35,"header-slide_out-show_elements":"1","header-slide_out-elements":{"side_top_line":["phone","email","skype"]},"header-slide_out-elements-top_line-padding-top":0,"header-slide_out-elements-top_line-padding-right":40,"header-slide_out-elements-top_line-padding-bottom":0,"header-slide_out-elements-top_line-padding-left":40,"header-slide_out-elements-below_menu-padding-top":0,"header-slide_out-elements-below_menu-padding-right":0,"header-slide_out-elements-below_menu-padding-bottom":0,"header-slide_out-elements-below_menu-padding-left":0,"header-overlay-show_elements":"1","header-overlay-elements":{"side_top_line":["social_icons","text_area","phone"],"below_menu":["search","cart"]},"header-overlay-elements-top_line-padding-top":0,"header-overlay-elements-top_line-padding-right":40,"header-overlay-elements-top_line-padding-bottom":0,"header-overlay-elements-top_line-padding-left":40,"header-overlay-elements-below_menu-padding-top":0,"header-overlay-elements-below_menu-padding-right":0,"header-overlay-elements-below_menu-padding-bottom":0,"header-overlay-elements-below_menu-padding-left":0,"header-classic-logo-position":"left","header-classic-menu-position":"left","header-classic-menu-margin-top":0,"header-classic-menu-margin-bottom":0,"header-classic-height":180,"header-classic-is_fullwidth":"0","header-inline-menu-position":"justify","header-inline-height":100,"header-inline-is_fullwidth":"0","header-split-menu-position":"outside","header-split-height":104,"header-split-is_fullwidth":"0","header-side-position":"right","header-side-width":"300px","header-side-content-width":"300px","header-side-content-position":"center","header-side-content-padding-top":50,"header-side-content-padding-right":0,"header-side-content-padding-bottom":40,"header-side-content-padding-left":0,"header-side-menu-position":"v_top","header-side-logo-position":"inside","header-side-menu-padding-top":50,"header-side-menu-padding-bottom":50,"header-side-menu-items_alignment":"center","header-side-menu-items_link":"fullwidth","header-slide_out-layout":"menu_icon","header-slide_out-layout-menu_icon-show_floating_logo":"1","header-slide_out-layout-top_line-height":90,"header-slide_out-layout-top_line-is_fullwidth":"1","header-slide_out-layout-top_line-logo-position":"left","header-slide_out-layout-side_line-width":60,"header-slide_out-layout-side_line-position":"under","header-slide_out-position":"left","header-slide_out-overlay-animation":"fade","header-slide_out-width":"400px","header-slide_out-content-width":"350px","header-slide_out-content-position":"center","header-slide_out-content-padding-top":50,"header-slide_out-content-padding-right":0,"header-slide_out-content-padding-bottom":50,"header-slide_out-content-padding-left":0,"header-slide_out-menu-position":"v_top","header-slide_out-logo-position":"fully_inside","header-slide_out-menu-padding-top":40,"header-slide_out-menu-padding-bottom":40,"header-slide_out-menu-items_alignment":"center","header-slide_out-menu-items_link":"fullwidth","header-overlay-layout":"menu_icon","header-overlay-layout-menu_icon-show_floating_logo":"1","header-overlay-layout-top_line-height":130,"header-overlay-layout-top_line-is_fullwidth":"0","header-overlay-layout-top_line-logo-position":"left","header-overlay-layout-side_line-width":60,"header-overlay-content-width":"300px","header-overlay-content-position":"center","header-overlay-content-padding-top":0,"header-overlay-content-padding-right":0,"header-overlay-content-padding-bottom":0,"header-overlay-content-padding-left":0,"header-overlay-menu-position":"v_center","header-overlay-logo-position":"fully_inside","header-overlay-menu-padding-top":40,"header-overlay-menu-padding-bottom":40,"header-overlay-menu-items_alignment":"center","header-overlay-menu-items_link":"fullwidth","top_bar-font-family":"Raleway","top_bar-font-size":13,"top_bar-font-is_capitalized":false,"top_bar-font-color":"#ffffff","top_bar-paddings-top":0,"top_bar-paddings-bottom":0,"top_bar-paddings-horizontal":0,"top_bar-bg-style":"solid","top_bar-bg-color":"#131313","top_bar-bg-opacity":100,"top_bar-bg-image":{"image":"","repeat":"repeat","position_x":"center","position_y":"center"},"header-bg-color":"#131313","header-bg-opacity":100,"header-bg-image":{"image":"","repeat":"no-repeat","position_x":"center","position_y":"center"},"header-bg-is_fullscreen":false,"header-bg-is_fixed":false,"header-decoration":"disabled","header-decoration-color":"#dd3333","header-decoration-opacity":100,"header-classic-menu-bg-style":"solid","header-classic-menu-bg-color":"#000000","header-classic-menu-bg-opacity":100,"header-menu_icon-color":"#000000","header-menu_icon-bg-color":"#ffffff","header-menu_icon-bg-opacity":75,"header-menu_icon-hover-color":"#000000","header-menu_icon-hover-bg-color":"#ffffff","header-menu_icon-hover-bg-opacity":75,"header-menu_icon-margin-top":0,"header-menu_icon-margin-right":0,"header-menu_icon-margin-bottom":0,"header-menu_icon-margin-left":0,"header-menu_icon-bg-border-radius":0,"header-mixed-decoration":"shadow","header-mixed-decoration-color":"#dd9933","header-mixed-decoration-opacity":100,"header-mixed-bg-color":"#ffffff","header-mixed-bg-opacity":100,"header-slide_out-overlay-bg-color-style":"color","header-slide_out-overlay-bg-color":"#000000","header-slide_out-overlay-bg-gradient":["#cdb7e2","#821482"],"header-slide_out-overlay-bg-opacity":40,"header-slide_out-overlay-blur":"0","header-slide_out-overlay-x_cursor":"0","header-slide_out-overlay-x_cursor-color":"#ffffff","header-slide_out-overlay-x_cursor-opacity":100,"header-menu-font-family":"Raleway:600","header-menu-font-size":18,"header-menu-font-is_capitalized":false,"header-menu-subtitle-font-family":"Arial:400italic","header-menu-subtitle-font-size":11,"header-menu-font-color":"#ffffff","header-menu-hover-font-color-style":"accent","header-menu-hover-font-color":"#ffffff","header-menu-hover-font-gradient":["#8224e3","#751257"],"header-menu-active_item-font-color-style":"accent","header-menu-active_item-font-color":"#ffffff","header-menu-active_item-font-gradient":["#ffffff","#000000"],"header-menu-icon-size":14,"header-menu-show_next_lvl_icons":false,"header-menu-item-padding-top":4,"header-menu-item-padding-right":0,"header-menu-item-padding-bottom":4,"header-menu-item-padding-left":0,"header-menu-item-margin-top":18,"header-menu-item-margin-right":50,"header-menu-item-margin-bottom":18,"header-menu-item-margin-left":50,"header-menu-item-surround_margins-style":"disabled","header-menu-item-surround_margins-custom-margin":30,"header-menu-decoration-other-links-is_justified":"1","header-menu-show_dividers":"0","header-menu-dividers-height-style":"custom","header-menu-dividers-height":20,"header-menu-dividers-surround":"0","header-menu-dividers-color":"#8224e3","header-menu-dividers-opacity":100,"header-menu-decoration-style":"underline","header-menu-decoration-underline-direction":"upwards","header-menu-decoration-underline-color-style":"accent","header-menu-decoration-underline-color":"#ffffff","header-menu-decoration-underline-gradient":["#ffffff","#000000"],"header-menu-decoration-other-hover-style":"background","header-menu-decoration-other-hover-color-style":"accent","header-menu-decoration-other-hover-color":"#ffffff","header-menu-decoration-other-hover-gradient":["#ffffff","#000000"],"header-menu-decoration-other-opacity":15,"header-menu-decoration-other-hover-line":"0","header-menu-decoration-other-hover-line-color-style":"gradient","header-menu-decoration-other-hover-line-color":"#dd3333","header-menu-decoration-other-hover-line-gradient":["#ffffff","#000000"],"header-menu-decoration-other-hover-line-opacity":23,"header-menu-decoration-other-active-style":"background","header-menu-decoration-other-active-color-style":"accent","header-menu-decoration-other-active-color":"#ffffff","header-menu-decoration-other-active-gradient":["#ffffff","#000000"],"header-menu-decoration-other-active-opacity":15,"header-menu-decoration-other-active-line":"0","header-menu-decoration-other-active-line-color-style":"color","header-menu-decoration-other-active-line-color":"#8224e3","header-menu-decoration-other-active-line-gradient":["#dd3333","#81d742"],"header-menu-decoration-other-active-line-opacity":30,"header-menu-decoration-other-click_decor":"1","header-menu-decoration-other-click_decor-color-style":"accent","header-menu-decoration-other-click_decor-color":"#ffffff","header-menu-decoration-other-click_decor-gradient":["#ffffff","#000000"],"header-menu-decoration-other-click_decor-opacity":20,"header-menu-decoration-other-border-radius":3,"header-menu-submenu-font-family":"Raleway","header-menu-submenu-font-size":13,"header-menu-submenu-font-is_uppercase":false,"header-menu-submenu-subtitle-font-family":"Arial:400italic","header-menu-submenu-subtitle-font-size":10,"header-menu-submenu-font-color":"#333333","header-menu-submenu-hover-font-color-style":"accent","header-menu-submenu-hover-font-color":"#895cb8","header-menu-submenu-hover-font-gradient":["#81d742","#eeee22"],"header-menu-submenu-active-font-color-style":"accent","header-menu-submenu-active-font-color":"#ffffff","header-menu-submenu-active-font-gradient":["#ffffff","#000000"],"header-menu-submenu-icon-size":14,"header-menu-submenu-show_next_lvl_icons":"1","header-menu-submenu-parent_is_clickable":"1","header-menu-submenu-item-padding-top":8,"header-menu-submenu-item-padding-right":10,"header-menu-submenu-item-padding-bottom":8,"header-menu-submenu-item-padding-left":10,"header-menu-submenu-item-margin-top":0,"header-menu-submenu-item-margin-right":0,"header-menu-submenu-item-margin-bottom":0,"header-menu-submenu-item-margin-left":0,"header-menu-submenu-bg-color":"#ffffff","header-menu-submenu-bg-opacity":100,"header-menu-submenu-bg-width":260,"header-menu-submenu-bg-hover":"animated_background","header-side-menu-submenu-position":"down","header-elements-near_menu-font_family":"Raleway","header-elements-near_menu-font_size":14,"header-elements-near_menu-font_color":"#262b2e","header-elements-near_logo-font_family":"Open Sans:600","header-elements-near_logo-font_size":14,"header-elements-near_logo-font_color":"#393940","header-elements-search-caption":"","header-elements-search-icon":"1","header-elements-search-on-desktops":"show","header-elements-search-first-header-switch":"near_logo","header-elements-search-second-header-switch":"near_logo","header-elements-contact-address-caption":"8500 Beverly Boulevard Los Angeles, CA 90048","header-elements-contact-address-icon":"1","header-elements-contact-address-on-desktops":"show","header-elements-contact-address-first-header-switch":"near_logo","header-elements-contact-address-second-header-switch":"in_menu","header-elements-contact-phone-caption":"011 322 44 56","header-elements-contact-phone-icon":"1","header-elements-contact-phone-on-desktops":"show","header-elements-contact-phone-first-header-switch":"near_logo","header-elements-contact-phone-second-header-switch":"in_menu","header-elements-contact-email-caption":"sales@yoursite.com","header-elements-contact-email-icon":"1","header-elements-contact-email-on-desktops":"show","header-elements-contact-email-first-header-switch":"near_logo","header-elements-contact-email-second-header-switch":"in_menu","header-elements-contact-skype-caption":"Your_Skype","header-elements-contact-skype-icon":"1","header-elements-contact-skype-on-desktops":"show","header-elements-contact-skype-first-header-switch":"near_logo","header-elements-contact-skype-second-header-switch":"in_menu","header-elements-contact-clock-caption":"Monday \u2013 Friday 10 AM \u2013 8 PM","header-elements-contact-clock-icon":"1","header-elements-contact-clock-on-desktops":"show","header-elements-contact-clock-first-header-switch":"near_logo","header-elements-contact-clock-second-header-switch":"in_menu","header-elements-login-caption":"Login","header-elements-logout-caption":"Logout","header-elements-login-icon":"1","header-elements-login-on-desktops":"show","header-elements-login-first-header-switch":"near_logo","header-elements-login-second-header-switch":"in_menu","header-elements-login-url":"http:\/\/themeforest.net","header-elements-text-on-desktops":"show","header-elements-text-first-header-switch":"near_logo","header-elements-text-second-header-switch":"in_menu","header-elements-text":"Some call to action text goes here!","header-elements-text-2-on-desktops":"show","header-elements-text-2-first-header-switch":"near_logo","header-elements-text-2-second-header-switch":"in_menu","header-elements-text-2":"Some call to action text goes here!","header-elements-text-3-on-desktops":"show","header-elements-text-3-first-header-switch":"near_logo","header-elements-text-3-second-header-switch":"in_menu","header-elements-text-3":"Some call to action text goes here!","header-elements-menu-on-desktops":"show","header-elements-menu-first-header-switch":"near_logo","header-elements-menu-second-header-switch":"hidden","header-elements-menu-style":"dropdown","header-elements-soc_icons-on-desktops":"show","header-elements-soc_icons-first-header-switch":"near_logo","header-elements-soc_icons-second-header-switch":"hidden","header-elements-soc_icons-color":"#3a3434","header-elements-soc_icons-bg":"color","header-elements-soc_icons-bg-color":"#ffffff","header-elements-soc_icons-bg-opacity":100,"header-elements-soc_icons-bg-gradient":["#ffffff","#000000"],"header-elements-soc_icons-hover-color":"#ffffff","header-elements-soc_icons-hover-bg":"accent","header-elements-soc_icons-hover-bg-color":"#15bfe6","header-elements-soc_icons-bg-hover-opacity":100,"header-elements-soc_icons-hover-bg-gradient":["#ffffff","#000000"],"header-elements-soc_icons":{"1":{"icon":"facebook","url":"https:\/\/www.facebook.com\/WordPress.Premium.Theme\/"},"2":{"icon":"twitter","url":"https:\/\/twitter.com\/premium_theme"},"5":{"icon":"pinterest","url":"https:\/\/www.pinterest.com\/dreamtheme\/"},"6":{"icon":"instagram","url":"https:\/\/www.instagram.com\/dream_theme_photo\/"}},"header-show_floating_navigation":"1","header-floating_navigation-style":"fade","header-floating_navigation-show_after":106,"header-floating_navigation-height":70,"header-floating_navigation-bg-color":"#000000","header-floating_navigation-bg-opacity":87,"header-floating_navigation-decoration":"disabled","header-floating_navigation-decoration-color":"#dd3333","header-floating_navigation-decoration-opacity":100,"header-mobile-first_switch-after":1040,"header-mobile-first_switch-layout":"right_center","header-mobile-first_switch-height":104,"header-mobile-second_switch-after":768,"header-mobile-second_switch-layout":"right_left","header-mobile-second_switch-height":70,"header-mobile-floating_navigation":"menu_icon","header-mobile-menu-font-family":"Raleway:600","header-mobile-menu-font-size":19,"header-mobile-menu-font-is_capitalized":false,"header-mobile-submenu-font-family":"Open Sans:600","header-mobile-submenu-font-size":13,"header-mobile-submenu-font-is_capitalized":false,"header-mobile-menu-font-color":"#333333","header-mobile-menu-font-hover-color-style":"accent","header-mobile-menu-font-hover-color":"#3c3e45","header-mobile-menu-font-hover-gradient":["#b78ce2","#1e73be"],"header-mobile-menu-bg-color":"#ffffff","header-mobile-menu-bg-opacity":100,"header-mobile-menu-bg-width":330,"header-mobile-menu-align":"right","header-logo_regular":["\/wp-content\/uploads\/sites\/21\/2016\/04\/coffee-main.png",470],"header-logo_hd":["\/wp-content\/uploads\/sites\/21\/2016\/04\/coffee-main-hd.png",471],"header-logo-padding-top":0,"header-logo-padding-right":0,"header-logo-padding-bottom":0,"header-logo-padding-left":0,"header-style-transparent-logo_regular":["\/wp-content\/uploads\/sites\/21\/2016\/04\/coffee-main.png",470],"header-style-transparent-logo_hd":["\/wp-content\/uploads\/sites\/21\/2016\/04\/coffee-main-hd.png",471],"header-style-transparent-logo-padding-top":0,"header-style-transparent-logo-padding-right":0,"header-style-transparent-logo-padding-bottom":0,"header-style-transparent-logo-padding-left":0,"header-style-mixed-logo_regular":["",0],"header-style-mixed-logo_hd":["",0],"header-style-mixed-logo-padding-top":0,"header-style-mixed-logo-padding-right":0,"header-style-mixed-logo-padding-bottom":0,"header-style-mixed-logo-padding-left":0,"header-style-floating-choose_logo":"custom","header-style-floating-logo_regular":["\/wp-content\/uploads\/sites\/21\/2016\/04\/coffee-floating.png",474],"header-style-floating-logo_hd":["\/wp-content\/uploads\/sites\/21\/2016\/04\/coffee-floating-hd.png",473],"header-style-floating-logo-padding-top":0,"header-style-floating-logo-padding-right":0,"header-style-floating-logo-padding-bottom":0,"header-style-floating-logo-padding-left":0,"header-mobile-first_switch-logo":"desktop","header-mobile-second_switch-logo":"mobile","header-style-mobile-logo_regular":["\/wp-content\/uploads\/sites\/21\/2016\/04\/coffee-floating.png",474],"header-style-mobile-logo_hd":["\/wp-content\/uploads\/sites\/21\/2016\/04\/coffee-floating-hd.png",473],"header-style-mobile-logo-padding-top":0,"header-style-mobile-logo-padding-right":0,"header-style-mobile-logo-padding-bottom":0,"header-style-mobile-logo-padding-left":0,"bottom_bar-logo_regular":["",0],"bottom_bar-logo_hd":["",0],"bottom_bar-logo-padding-top":10,"bottom_bar-logo-padding-right":15,"bottom_bar-logo-padding-bottom":10,"bottom_bar-logo-padding-left":0,"general-favicon":"\/wp-content\/uploads\/sites\/21\/2016\/04\/the7-new-fav1.gif","general-favicon_hd":"\/wp-content\/uploads\/sites\/21\/2016\/04\/the7-new-fav-hd1.gif","general-handheld_icon-old_iphone":"","general-handheld_icon-old_ipad":"","general-handheld_icon-retina_iphone":"","general-handheld_icon-retina_ipad":"","bottom_bar-copyrights":"2016 Seven Coffee. All Rights Reserved.","bottom_bar-credits":false,"stripes-stripe_1_color":"#f5f5f5","stripes-stripe_1_bg_image":{"image":"","repeat":"repeat","position_x":"center","position_y":"center"},"stripes-stripe_1_outline":"hide","stripes-stripe_1_outline_color":"#44bb70","stripes-stripe_1_outline_opacity":100,"stripes-stripe_1_content_boxes_bg_color":"#000000","stripes-stripe_1_content_boxes_bg_opacity":8,"stripes-stripe_1_content_boxes_decoration":"none","stripes-stripe_1_content_boxes_decoration_outline_color":"#dd3333","stripes-stripe_1_content_boxes_decoration_outline_opacity":100,"stripes-stripe_1_headers_color":"#333333","stripes-stripe_1_text_color":"#888888","stripes-stripe_2_color":"#131313","stripes-stripe_2_bg_image":{"image":"","repeat":"repeat","position_x":"center","position_y":"center"},"stripes-stripe_2_outline":"hide","stripes-stripe_2_outline_color":"#ffffff","stripes-stripe_2_outline_opacity":15,"stripes-stripe_2_content_boxes_bg_color":"#ffffff","stripes-stripe_2_content_boxes_bg_opacity":8,"stripes-stripe_2_content_boxes_decoration":"none","stripes-stripe_2_content_boxes_decoration_outline_color":"#ffffff","stripes-stripe_2_content_boxes_decoration_outline_opacity":15,"stripes-stripe_2_headers_color":"#ffffff","stripes-stripe_2_text_color":"#ffffff","stripes-stripe_3_color":"#131313","stripes-stripe_3_bg_image":{"image":"","repeat":"repeat","position_x":"center","position_y":"center"},"stripes-stripe_3_outline":"hide","stripes-stripe_3_outline_color":"#252728","stripes-stripe_3_outline_opacity":100,"stripes-stripe_3_content_boxes_bg_color":"#FFFFFF","stripes-stripe_3_content_boxes_bg_opacity":8,"stripes-stripe_3_content_boxes_decoration":"none","stripes-stripe_3_content_boxes_decoration_outline_color":"#ffffff","stripes-stripe_3_content_boxes_decoration_outline_opacity":15,"stripes-stripe_3_headers_color":"#ffffff","stripes-stripe_3_text_color":"#ffffff","sidebar-width":"350px","sidebar-vertical_distance":20,"sidebar-visual_style":"with_widgets_bg","sidebar-divider-vertical":"0","sidebar-divider-horizontal":"1","sidebar-bg_color":"#f7f7f7","sidebar-bg_opacity":100,"sidebar-bg_image":{"image":"","repeat":"repeat","position_x":"center","position_y":"center"},"sidebar-decoration":"none","sidebar-decoration_outline_color":"#000000","sidebar-decoration_outline_opacity":6,"sidebar-headers_color":"#333333","sidebar-primary_text_color":"#888888","footer-style":"solid_background","footer-bg_color":"#f5f5f5","footer-bg_opacity":100,"footer-decoration":"none","footer-decoration_outline_color":"#81d742","footer-decoration_outline_opacity":96,"footer-bg_image":{"image":"","repeat":"repeat","position_x":"center","position_y":"top"},"footer-slide-out-mode":"0","footer-headers_color":"#333333","footer-primary_text_color":"#888888","footer-padding-top":50,"footer-padding-bottom":10,"footer-paddings-columns":24,"footer-layout":"1\/4+1\/4+1\/4+1\/4","footer-collapse_after":970,"bottom_bar-enabled":"1","bottom_bar-style":"solid_background","bottom_bar-bg_color":"#f5f5f5","bottom_bar-bg_opacity":100,"bottom_bar-bg_image":{"image":"","repeat":"repeat","position_x":"center","position_y":"top"},"bottom_bar-color":"#b1b1b1","bottom_bar-text":"","general-show_author_in_blog":"0","general-next_prev_in_blog":"0","general-show_back_button_in_post":"0","general-blog_meta_on":"1","general-blog_meta_date":"1","general-blog_meta_author":false,"general-blog_meta_categories":"1","general-blog_meta_comments":"1","general-blog_meta_tags":"1","general-show_rel_posts":"0","general-rel_posts_head_title":"Related posts","general-rel_posts_max":6,"general-next_prev_in_portfolio":"1","general-show_back_button_in_project":"0","general-portfolio_meta_on":"1","general-portfolio_meta_date":false,"general-portfolio_meta_author":false,"general-portfolio_meta_categories":false,"general-portfolio_meta_comments":false,"general-show_rel_projects":"0","general-rel_projects_head_title":"Related projects","general-rel_projects_title":false,"general-rel_projects_excerpt":false,"general-rel_projects_info_date":false,"general-rel_projects_info_author":false,"general-rel_projects_info_comments":false,"general-rel_projects_info_categories":false,"general-rel_projects_link":false,"general-rel_projects_zoom":false,"general-rel_projects_details":false,"general-rel_projects_max":12,"general-rel_projects_fullwidth_height":210,"general-rel_projects_fullwidth_width_style":"prop","general-rel_projects_fullwidth_width":210,"general-rel_projects_height":180,"general-rel_projects_width_style":"prop","general-rel_projects_width":180,"general-next_prev_in_album":"1","general-show_back_button_in_album":"1","general-album_meta_on":"1","general-album_meta_date":false,"general-album_meta_author":false,"general-album_meta_categories":false,"general-album_meta_comments":false,"general-title_align":"center","general-title_height":250,"page_title-padding-top":0,"page_title-padding-bottom":0,"general-show_titles":"1","general-title_size":"h1","general-title_color":"#ffffff","general-show_breadcrumbs":"1","general-breadcrumbs_color":"#ffffff","general-breadcrumbs_bg_color":"disabled","general-title_bg_mode":"background","header-background":"transparent","header-transparent_bg_color":"#000000","header-transparent_bg_opacity":50,"page_title-background-style-transparent-color_scheme":"from_options","general-title_bg_color":"#131313","general-title_bg_opacity":100,"general-title_decoration":"none","general-title_decoration_outline_color":"#1e73be","general-title_decoration_outline_opacity":0,"general-title_bg_gradient":["#4a66d6","#12b4ea"],"general-title_bg_image":{"image":"\/wp-content\/uploads\/sites\/21\/2016\/04\/coffee_background.jpg","repeat":"no-repeat","position_x":"center","position_y":"bottom"},"general-title_bg_fullscreen":"1","general-title_bg_fixed":false,"general-title_bg_parallax":"","fonts-font_family":"Open Sans","fonts-big_size":15,"fonts-big_size_line_height":27,"fonts-normal_size":14,"fonts-normal_size_line_height":24,"fonts-small_size":13,"fonts-small_size_line_height":20,"fonts-h1_font_family":"Raleway:600","fonts-h1_font_size":35,"fonts-h1_line_height":40,"fonts-h1_uppercase":false,"fonts-h2_font_family":"Raleway:600","fonts-h2_font_size":28,"fonts-h2_line_height":30,"fonts-h2_uppercase":false,"fonts-h3_font_family":"Raleway:600","fonts-h3_font_size":24,"fonts-h3_line_height":32,"fonts-h3_uppercase":false,"fonts-h4_font_family":"Raleway:600","fonts-h4_font_size":20,"fonts-h4_line_height":25,"fonts-h4_uppercase":false,"fonts-h5_font_family":"Raleway:600","fonts-h5_font_size":18,"fonts-h5_line_height":25,"fonts-h5_uppercase":false,"fonts-h6_font_family":"Raleway:600","fonts-h6_font_size":15,"fonts-h6_line_height":25,"fonts-h6_uppercase":false,"buttons-style":"flat","buttons-color_mode":"accent","buttons-color":"#81d742","buttons-color_gradient":["#13aa4a","#84df31"],"buttons-hover_color_mode":"color","buttons-hover_color":"#f28d29","buttons-hover_color_gradient":["#1cd9ea","#0ca2e0"],"buttons-text_color_mode":"color","buttons-text_color":"#ffffff","buttons-text_hover_color_mode":"color","buttons-text_hover_color":"#ffffff","buttons-s_font_family":"Open Sans:700","buttons-s_font_size":12,"buttons-s_uppercase":false,"buttons-s_line_height":30,"buttons-s_border_radius":3,"buttons-m_font_family":"Open Sans:700","buttons-m_font_size":14,"buttons-m_uppercase":false,"buttons-m_line_height":42,"buttons-m_border_radius":4,"buttons-l_font_family":"Open Sans:700","buttons-l_font_size":18,"buttons-l_uppercase":false,"buttons-l_line_height":54,"buttons-l_border_radius":5,"image_hover-style":"none","image_hover-onclick_animation":false,"image_hover-default_icon":"small_corner","image_hover-color_mode":"accent","image_hover-color":"#0ca2e0","image_hover-color_gradient":["#2edded","#0084bb"],"image_hover-opacity":30,"image_hover-project_icons_style":"outline","image_hover-album_miniatures_style":"style_2","image_hover-project_rollover_color_mode":"accent","image_hover-project_rollover_color":"#000000","image_hover-project_rollover_color_gradient":["#2edded","#0084bb"],"image_hover-project_rollover_opacity":90,"social_buttons-visibility":"allways","social_buttons-post-button_title":"Share this post","social_buttons-post":["facebook","twitter","pinterest","google+","linkedin"],"social_buttons-portfolio_post-button_title":"Share this post","social_buttons-portfolio_post":[],"social_buttons-photo-button_title":"Share this image","social_buttons-photo":[],"social_buttons-page-button_title":"Share this page","social_buttons-page":[],"widgetareas":{"1":{"sidebar_name":"Default Sidebar","sidebar_desc":"Sidebar primary widget area"},"2":{"sidebar_name":"Default Footer","sidebar_desc":"Footer primary widget area"}},"modules-portfolio-status":"enabled","modules-testimonials-status":"enabled","modules-team-status":"enabled","modules-logos-status":"enabled","modules-benefits-status":"enabled","modules-albums-status":"enabled","modules-slideshow-status":"enabled","general-post_back_button_target_page_id":0,"general-project_back_button_target_page_id":0,"general-album_back_button_target_page_id":0,"header-classic-icons_style":"bold","header-inline-icons_style":"bold","header-split-icons_style":"bold","header-side-icons_style":"bold","header-slide_out-icons_style":"bold","header-overlay-icons_style":"bold","general-template_content_vertical_margins":80,"general-filter_style-minimal-border_radius":100,"general-filter_style-material-line_size":2,"blog-thumbnail_size":"resize","blog-thumbnail_proportions":{"width":3,"height":2},"general-page_content_top_margin":80,"general-page_content_bottom_margin":80,"sidebar-distance_to_content":50,"sidebar-responsiveness":970},"wp_settings":{"show_on_front":"page","page_on_front":"2","page_for_posts":"0"},"widgets_settings":{"widget_text":{"1":[],"_multiwidget":1},"widget_recent-comments":{"2":{"title":"Recent Comments","number":5},"_multiwidget":1},"widget_rss":{"1":[],"_multiwidget":1},"widget_presscore-blog-posts":{"2":{"title":"Recent Articles","order":"DESC","orderby":"date","show":6,"select":"all","cats":[],"thumbnails":1,"round_images":1,"images_dimensions":{"w":60,"h":60}},"_multiwidget":1},"sidebars_widgets":{"wp_inactive_widgets":["9022"],"sidebar_1":["presscore-blog-posts-2","recent-comments-2"],"sidebar_2":[],"array_version":3}},"nav_menu_locations":{"split_left":12,"split_right":13,"primary":0,"mobile":14,"top":0,"bottom":14},"ultimate_selected_google_fonts":[{"font_family":"Open+Sans","font_name":"Open Sans","variants":[{"variant_value":"300","variant_selected":"true"},{"variant_value":"300italic","variant_selected":"false"},{"variant_value":"italic","variant_selected":"false"},{"variant_value":"600","variant_selected":"true"},{"variant_value":"600italic","variant_selected":"false"},{"variant_value":"700","variant_selected":"true"},{"variant_value":"700italic","variant_selected":"false"},{"variant_value":"800","variant_selected":"false"},{"variant_value":"800italic","variant_selected":"false"}],"subsets":[{"subset_value":"vietnamese","subset_selected":"false"},{"subset_value":"latin-ext","subset_selected":"false"},{"subset_value":"cyrillic","subset_selected":"false"},{"subset_value":"greek-ext","subset_selected":"false"},{"subset_value":"cyrillic-ext","subset_selected":"false"},{"subset_value":"latin","subset_selected":"false"},{"subset_value":"greek","subset_selected":"false"}]},{"font_family":"Raleway","font_name":"Raleway","variants":[{"variant_value":"100","variant_selected":"false"},{"variant_value":"100italic","variant_selected":"false"},{"variant_value":"200","variant_selected":"false"},{"variant_value":"200italic","variant_selected":"false"},{"variant_value":"300","variant_selected":"false"},{"variant_value":"300italic","variant_selected":"false"},{"variant_value":"italic","variant_selected":"false"},{"variant_value":"500","variant_selected":"true"},{"variant_value":"500italic","variant_selected":"false"},{"variant_value":"600","variant_selected":"true"},{"variant_value":"600italic","variant_selected":"false"},{"variant_value":"700","variant_selected":"true"},{"variant_value":"700italic","variant_selected":"false"},{"variant_value":"800","variant_selected":"true"},{"variant_value":"800italic","variant_selected":"false"},{"variant_value":"900","variant_selected":"false"},{"variant_value":"900italic","variant_selected":"false"}],"subsets":[{"subset_value":"latin-ext","subset_selected":"false"},{"subset_value":"latin","subset_selected":"false"}]}],"ultimate_icon_fonts":{"icomoon-free-social-contact-16x16":{"include":"smile_fonts\/icomoon-free-social-contact-16x16","folder":"smile_fonts\/icomoon-free-social-contact-16x16","style":"icomoon-free-social-contact-16x16\/icomoon-free-social-contact-16x16.css","config":"charmap.php"},"icomoon-brankic-32x32":{"include":"smile_fonts\/icomoon-brankic-32x32","folder":"smile_fonts\/icomoon-brankic-32x32","style":"icomoon-brankic-32x32\/icomoon-brankic-32x32.css","config":"charmap.php"}},"revolution_sliders":["the7-coffee-hero"],"vc_settings":{"use_custom":"1","vc_color":"#f7f7f7","vc_color_hover":"#F0F0F0","vc_color_call_to_action_bg":"","vc_color_google_maps_bg":"","vc_color_post_slider_caption_bg":"","vc_color_progress_bar_bg":"","vc_color_separator_border":"","vc_color_tab_bg":"","vc_color_tab_bg_active":"","margin":"0px","gutter":"50","responsive_max":"768"}}