{"schema":{"folders":{"ultimate_icon_fonts":"Ultimate_VC_Addons\/icon-fonts"}},"theme_options":{"general-content_width":"1300px","general-layout":"wide","general-box_width":"1280px","general-boxed_bg_color":"#f2f3f3","general-boxed_bg_image":{"image":"","repeat":"repeat","position_x":"center","position_y":"center"},"general-boxed_bg_fullscreen":"1","general-boxed_bg_fixed":"1","general-bg_color":"#ffffff","general-bg_opacity":100,"general-bg_image":{"image":"","repeat":"repeat","position_x":"center","position_y":"top"},"general-bg_fullscreen":false,"general-bg_fixed":false,"general-content_boxes_bg_color":"#f3f4f4","general-content_boxes_bg_opacity":100,"general-content_boxes_decoration":"none","general-content_boxes_decoration_outline_color":"#888888","general-content_boxes_decoration_outline_opacity":18,"general-filter_style":"minimal","general-filter-font-family":"Roboto:700","general-filter-font-size":16,"general-filter_ucase":"1","general-filter-padding-top":8,"general-filter-padding-right":13,"general-filter-padding-bottom":6,"general-filter-padding-left":13,"general-filter-margin-top":5,"general-filter-margin-right":5,"general-filter-margin-bottom":5,"general-filter-margin-left":5,"content-headers_color":"#242e35","content-primary_text_color":"#71787c","general-accent_color_mode":"color","general-accent_bg_color":"#0fbcf5","general-accent_bg_color_gradient":["#2578e9","#3fe7d9"],"general-border_radius":5,"general-contact_form_style":"minimal","general-slideshow_bullets_style":"accent","general-beautiful_loading":"enabled","general-fullscreen_overlay_color_mode":"color","general-fullscreen_overlay_color":"#ffffff","general-fullscreen_overlay_gradient":["#8224e3","#dd3333"],"general-fullscreen_overlay_opacity":100,"general-spinner_color":"#0eb4ec","general-spinner_opacity":100,"general-loader_style":"double_circles","general-custom_loader":"","general-custom_css":"\/*Icons above menu items*\/\r\n.main-nav &gt; li &gt; a .text-wrap,\r\n.header-bar .main-nav &gt; li &gt; a,\r\n.menu-box .main-nav &gt; li &gt; a {\r\n-webkit-flex-flow: column wrap;\r\n-moz-flex-flow: column wrap;\r\n-ms-flex-flow: column wrap;\r\nflex-flow: column wrap;\r\n}\r\n.main-nav &gt; .menu-item &gt; a .fa {\r\npadding-right: 0;\r\npadding-bottom: 4px;\r\n}","general-responsive":"1","general-responsiveness-treshold":970,"general-hd_images":"srcset_based","general-smooth_scroll":"off","general-hide_plugins_notifications":"1","header-layout":"inline","header-classic-show_elements":"1","header-classic-elements":{"top_bar_left":["custom_menu"],"top_bar_right":["search"],"near_menu_right":["social_icons"],"near_logo_left":["cart"],"near_logo_right":["phone","email"]},"header-classic-elements-near_menu_right-padding-right":0,"header-classic-elements-near_menu_right-padding-left":40,"header-classic-elements-near_logo_left-padding-right":0,"header-classic-elements-near_logo_left-padding-left":0,"header-classic-elements-near_logo_right-padding-right":0,"header-classic-elements-near_logo_right-padding-left":0,"header-inline-show_elements":"1","header-inline-elements":{"near_menu_right":["social_icons"]},"header-inline-elements-near_menu_right-padding-right":28,"header-inline-elements-near_menu_right-padding-left":10,"header-split-show_elements":"1","header-split-elements":{"top_bar_left":["phone","email"],"top_bar_right":["cart","login","social_icons"]},"header-split-elements-near_menu_left-padding-right":20,"header-split-elements-near_menu_left-padding-left":20,"header-split-elements-near_menu_right-padding-right":20,"header-split-elements-near_menu_right-padding-left":20,"header-side-show_elements":"1","header-side-elements":{"below_menu":["social_icons","email","skype"]},"header-side-elements-below_menu-padding-top":0,"header-side-elements-below_menu-padding-right":35,"header-side-elements-below_menu-padding-bottom":0,"header-side-elements-below_menu-padding-left":35,"header-slide_out-show_elements":"1","header-slide_out-elements":{"below_menu":["search","cart","login"]},"header-slide_out-elements-top_line-padding-right":0,"header-slide_out-elements-top_line-padding-left":0,"header-slide_out-elements-below_menu-padding-top":18,"header-slide_out-elements-below_menu-padding-right":0,"header-slide_out-elements-below_menu-padding-bottom":40,"header-slide_out-elements-below_menu-padding-left":6,"header-overlay-show_elements":"1","header-overlay-elements":{"side_top_line":["phone","email"],"below_menu":["search","cart"]},"header-overlay-elements-top_line-padding-right":0,"header-overlay-elements-top_line-padding-left":0,"header-overlay-elements-below_menu-padding-top":0,"header-overlay-elements-below_menu-padding-right":0,"header-overlay-elements-below_menu-padding-bottom":0,"header-overlay-elements-below_menu-padding-left":0,"header-classic-logo-position":"left","header-classic-menu-position":"center","header-classic-height":180,"header-classic-is_fullwidth":"1","header-inline-menu-position":"center","header-inline-height":90,"header-inline-is_fullwidth":"1","header-split-menu-position":"inside","header-split-height":100,"header-split-is_fullwidth":"1","header-side-position":"right","header-side-width":"300px","header-side-content-width":"300px","header-side-content-position":"center","header-side-content-padding-top":50,"header-side-content-padding-right":0,"header-side-content-padding-bottom":40,"header-side-content-padding-left":0,"header-side-menu-position":"v_top","header-side-logo-position":"inside","header-side-menu-padding-top":50,"header-side-menu-padding-bottom":50,"header-side-menu-items_alignment":"center","header-side-menu-items_link":"fullwidth","header-slide_out-layout":"side_line","header-slide_out-layout-menu_icon-show_floating_logo":"1","header-slide_out-layout-top_line-height":74,"header-slide_out-layout-top_line-is_fullwidth":"1","header-slide_out-layout-top_line-logo-position":"left","header-slide_out-layout-side_line-width":60,"header-slide_out-layout-side_line-position":"under","header-slide_out-position":"left","header-slide_out-overlay-animation":"slide","header-slide_out-width":"450px","header-slide_out-content-width":"450px","header-slide_out-content-position":"right","header-slide_out-content-padding-top":0,"header-slide_out-content-padding-right":60,"header-slide_out-content-padding-bottom":0,"header-slide_out-content-padding-left":120,"header-slide_out-menu-position":"v_top","header-slide_out-logo-position":"fully_inside","header-slide_out-menu-padding-top":0,"header-slide_out-menu-padding-bottom":0,"header-slide_out-menu-items_alignment":"center","header-slide_out-menu-items_link":"textwidth","header-overlay-layout":"top_line","header-overlay-layout-menu_icon-show_floating_logo":"1","header-overlay-layout-top_line-height":80,"header-overlay-layout-top_line-is_fullwidth":"0","header-overlay-layout-top_line-logo-position":"center","header-overlay-layout-side_line-width":60,"header-overlay-content-width":"500px","header-overlay-content-position":"left","header-overlay-content-padding-top":0,"header-overlay-content-padding-right":50,"header-overlay-content-padding-bottom":0,"header-overlay-content-padding-left":50,"header-overlay-menu-position":"v_top","header-overlay-logo-position":"fully_inside","header-overlay-menu-padding-top":0,"header-overlay-menu-padding-bottom":0,"header-overlay-menu-items_alignment":"left","header-overlay-menu-items_link":"fullwidth","top_bar-font-family":"Tahoma","top_bar-font-size":13,"top_bar-font-is_capitalized":false,"top_bar-font-color":"#242e35","top_bar-paddings-top":0,"top_bar-paddings-bottom":0,"top_bar-paddings-horizontal":30,"top_bar-bg-style":"solid","top_bar-bg-color":"#ffffff","top_bar-bg-opacity":100,"top_bar-bg-image":{"image":"","repeat":"repeat","position_x":"center","position_y":"center"},"header-bg-color":"#20262a","header-bg-opacity":100,"header-bg-image":{"image":"","repeat":"repeat","position_x":"center","position_y":"center"},"header-bg-is_fullscreen":false,"header-bg-is_fixed":false,"header-decoration":"disabled","header-decoration-color":"#000000","header-decoration-opacity":8,"header-classic-menu-bg-style":"disabled","header-classic-menu-bg-color":"#000000","header-classic-menu-bg-opacity":100,"header-menu_icon-color":"#ffffff","header-menu_icon-bg-color":"#ffffff","header-menu_icon-bg-opacity":0,"header-menu_icon-hover-color":"#ffffff","header-menu_icon-hover-bg-color":"#ffffff","header-menu_icon-hover-bg-opacity":0,"header-menu_icon-margin-top":0,"header-menu_icon-margin-right":0,"header-menu_icon-margin-bottom":0,"header-menu_icon-margin-left":0,"header-menu_icon-bg-border-radius":0,"header-mixed-decoration":"shadow","header-mixed-decoration-color":"#000000","header-mixed-decoration-opacity":10,"header-mixed-bg-color":"#000000","header-mixed-bg-opacity":100,"header-slide_out-overlay-bg-color-style":"color","header-slide_out-overlay-bg-color":"#000000","header-slide_out-overlay-bg-gradient":["#cdb7e2","#821482"],"header-slide_out-overlay-bg-opacity":30,"header-slide_out-overlay-blur":"0","header-slide_out-overlay-x_cursor":"1","header-slide_out-overlay-x_cursor-color":"#ffffff","header-slide_out-overlay-x_cursor-opacity":100,"header-menu-font-family":"Roboto:700","header-menu-font-size":18,"header-menu-font-is_capitalized":"1","header-menu-subtitle-font-family":"Arial:400italic","header-menu-subtitle-font-size":12,"header-menu-font-color":"#ffffff","header-menu-hover-font-color-style":"color","header-menu-hover-font-color":"#ffffff","header-menu-hover-font-gradient":["#8224e3","#751257"],"header-menu-active_item-font-color-style":"color","header-menu-active_item-font-color":"#ffffff","header-menu-active_item-font-gradient":["#ffffff","#000000"],"header-menu-icon-size":14,"header-menu-show_next_lvl_icons":false,"header-menu-item-padding-top":7,"header-menu-item-padding-right":20,"header-menu-item-padding-bottom":7,"header-menu-item-padding-left":20,"header-menu-item-margin-top":0,"header-menu-item-margin-right":1,"header-menu-item-margin-bottom":0,"header-menu-item-margin-left":0,"header-menu-item-surround_margins-style":"disabled","header-menu-item-surround_margins-custom-margin":30,"header-menu-decoration-other-links-is_justified":"1","header-menu-show_dividers":"0","header-menu-dividers-height-style":"full","header-menu-dividers-height":20,"header-menu-dividers-surround":"0","header-menu-dividers-color":"#555555","header-menu-dividers-opacity":10,"header-menu-decoration-style":"other","header-menu-decoration-underline-direction":"from_center","header-menu-decoration-underline-color-style":"color","header-menu-decoration-underline-color":"#90929b","header-menu-decoration-underline-gradient":["#ffffff","#000000"],"header-menu-decoration-other-hover-style":"background","header-menu-decoration-other-hover-color-style":"color","header-menu-decoration-other-hover-color":"#ffffff","header-menu-decoration-other-hover-gradient":["#ffffff","#000000"],"header-menu-decoration-other-opacity":10,"header-menu-decoration-other-hover-line":"0","header-menu-decoration-other-hover-line-color-style":"accent","header-menu-decoration-other-hover-line-color":"#ffffff","header-menu-decoration-other-hover-line-gradient":["#ffffff","#000000"],"header-menu-decoration-other-hover-line-opacity":100,"header-menu-decoration-other-active-style":"background","header-menu-decoration-other-active-color-style":"accent","header-menu-decoration-other-active-color":"#ffffff","header-menu-decoration-other-active-gradient":["#ffffff","#000000"],"header-menu-decoration-other-active-opacity":100,"header-menu-decoration-other-active-line":"0","header-menu-decoration-other-active-line-color-style":"color","header-menu-decoration-other-active-line-color":"#ffffff","header-menu-decoration-other-active-line-gradient":["#dd3333","#81d742"],"header-menu-decoration-other-active-line-opacity":100,"header-menu-decoration-other-click_decor":"1","header-menu-decoration-other-click_decor-color-style":"color","header-menu-decoration-other-click_decor-color":"#ffffff","header-menu-decoration-other-click_decor-gradient":["#ffffff","#000000"],"header-menu-decoration-other-click_decor-opacity":10,"header-menu-decoration-other-border-radius":0,"header-menu-submenu-font-family":"Roboto","header-menu-submenu-font-size":15,"header-menu-submenu-font-is_uppercase":false,"header-menu-submenu-subtitle-font-family":"Arial:400italic","header-menu-submenu-subtitle-font-size":10,"header-menu-submenu-font-color":"#242e35","header-menu-submenu-hover-font-color-style":"accent","header-menu-submenu-hover-font-color":"#242e35","header-menu-submenu-hover-font-gradient":["#81d742","#eeee22"],"header-menu-submenu-active-font-color-style":"accent","header-menu-submenu-active-font-color":"#90929b","header-menu-submenu-active-font-gradient":["#ffffff","#000000"],"header-menu-submenu-icon-size":14,"header-menu-submenu-show_next_lvl_icons":"1","header-menu-submenu-parent_is_clickable":"1","header-menu-submenu-item-padding-top":8,"header-menu-submenu-item-padding-right":8,"header-menu-submenu-item-padding-bottom":8,"header-menu-submenu-item-padding-left":8,"header-menu-submenu-item-margin-top":0,"header-menu-submenu-item-margin-right":0,"header-menu-submenu-item-margin-bottom":0,"header-menu-submenu-item-margin-left":0,"header-menu-submenu-bg-color":"#ffffff","header-menu-submenu-bg-opacity":100,"header-menu-submenu-bg-width":250,"header-menu-submenu-bg-hover":"animated_background","header-side-menu-submenu-position":"down","header-elements-near_menu-font_family":"Open Sans","header-elements-near_menu-font_size":13,"header-elements-near_menu-font_color":"#ffffff","header-elements-near_logo-font_family":"Open Sans","header-elements-near_logo-font_size":13,"header-elements-near_logo-font_color":"#ffffff","header-elements-search-caption":"","header-elements-search-icon":"1","header-elements-contact-address-caption":"8500 Beverly Boulevard Los Angeles, CA 90048","header-elements-contact-address-icon":"1","header-elements-contact-phone-caption":"011 322 44 56","header-elements-contact-phone-icon":"1","header-elements-contact-email-caption":"sales@yoursite.com","header-elements-contact-email-icon":"1","header-elements-contact-skype-caption":"Your_Skype","header-elements-contact-skype-icon":"1","header-elements-contact-clock-caption":"Monday \u2013 Friday 10 AM \u2013 8 PM","header-elements-contact-clock-icon":"1","header-elements-login-caption":"Login","header-elements-logout-caption":"Logout","header-elements-login-icon":"1","header-elements-login-url":"http:\/\/themeforest.net","header-elements-text":"Some call to action text goes here!","header-elements-text-2":"Some call to action text goes here!","header-elements-text-3":"Some call to action text goes here!","header-elements-soc_icons-color":"#20262a","header-elements-soc_icons-bg":"color","header-elements-soc_icons-bg-color":"#ffffff","header-elements-soc_icons-bg-opacity":100,"header-elements-soc_icons-bg-gradient":["#ffffff","#000000"],"header-elements-soc_icons-hover-color":"#ffffff","header-elements-soc_icons-hover-bg":"accent","header-elements-soc_icons-hover-bg-color":"#ffffff","header-elements-soc_icons-bg-hover-opacity":100,"header-elements-soc_icons-hover-bg-gradient":["#ffffff","#000000"],"header-elements-soc_icons":[{"icon":"facebook","url":""},{"icon":"facebook","url":"\/"},{"icon":"twitter","url":"\/"},{"icon":"google","url":"\/"},{"icon":"dribbble","url":"\/"}],"header-show_floating_navigation":"1","header-floating_navigation-style":"sticky","header-floating_navigation-show_after":120,"header-floating_navigation-height":90,"header-floating_navigation-bg-color":"#000000","header-floating_navigation-bg-opacity":85,"header-floating_navigation-decoration":"disabled","header-floating_navigation-decoration-color":"#ffffff","header-floating_navigation-decoration-opacity":10,"header-mobile-first_switch-after":1150,"header-mobile-first_switch-layout":"right_center","header-mobile-first_switch-height":80,"header-mobile-second_switch-after":768,"header-mobile-second_switch-layout":"right_left","header-mobile-second_switch-height":80,"header-mobile-floating_navigation":"menu_icon","header-mobile-menu-font-family":"Roboto:700","header-mobile-menu-font-size":18,"header-mobile-menu-font-is_capitalized":"1","header-mobile-submenu-font-family":"Open Sans","header-mobile-submenu-font-size":15,"header-mobile-submenu-font-is_capitalized":false,"header-mobile-menu-font-color":"#33323f","header-mobile-menu-font-hover-color-style":"accent","header-mobile-menu-font-hover-color":"#90929b","header-mobile-menu-font-hover-gradient":["#b78ce2","#1e73be"],"header-mobile-menu-bg-color":"#ffffff","header-mobile-menu-bg-opacity":100,"header-mobile-menu-bg-width":340,"header-mobile-menu-align":"right","header-logo_regular":["\/inc\/presets\/images\/full\/skin05r.header-logo-regular.png?w=80&h=42",0],"header-logo_hd":["\/inc\/presets\/images\/full\/skin05r.header-logo-hd.png?w=160&h=84",0],"header-logo-padding-top":0,"header-logo-padding-right":10,"header-logo-padding-bottom":0,"header-logo-padding-left":30,"header-style-transparent-logo_regular":["\/inc\/presets\/images\/full\/skin05r.header-style-transparent-logo-regular.png?w=80&h=42",0],"header-style-transparent-logo_hd":["\/inc\/presets\/images\/full\/skin05r.header-style-transparent-logo-hd.png?w=160&h=84",0],"header-style-transparent-logo-padding-top":0,"header-style-transparent-logo-padding-right":10,"header-style-transparent-logo-padding-bottom":0,"header-style-transparent-logo-padding-left":30,"header-style-mixed-logo_regular":["",0],"header-style-mixed-logo_hd":["",0],"header-style-mixed-logo-padding-top":0,"header-style-mixed-logo-padding-right":0,"header-style-mixed-logo-padding-bottom":0,"header-style-mixed-logo-padding-left":0,"header-style-floating-choose_logo":"main","header-style-floating-logo_regular":["",0],"header-style-floating-logo_hd":["",0],"header-style-floating-logo-padding-top":0,"header-style-floating-logo-padding-right":10,"header-style-floating-logo-padding-bottom":0,"header-style-floating-logo-padding-left":30,"header-mobile-first_switch-logo":"desktop","header-mobile-second_switch-logo":"desktop","header-style-mobile-logo_regular":["",0],"header-style-mobile-logo_hd":["",0],"header-style-mobile-logo-padding-top":0,"header-style-mobile-logo-padding-right":0,"header-style-mobile-logo-padding-bottom":0,"header-style-mobile-logo-padding-left":0,"bottom_bar-logo_regular":["\/inc\/presets\/images\/full\/skin05r.bottom-bar-logo-regular.png?w=25&h=10",0],"bottom_bar-logo_hd":["\/inc\/presets\/images\/full\/skin05r.bottom-bar-logo-hd.png?w=50&h=20",0],"bottom_bar-logo-padding-top":20,"bottom_bar-logo-padding-right":12,"bottom_bar-logo-padding-bottom":20,"bottom_bar-logo-padding-left":0,"general-favicon":"\/wp-content\/uploads\/sites\/3\/2016\/01\/the7-new-fav1.gif","general-favicon_hd":"\/wp-content\/uploads\/sites\/3\/2016\/01\/the7-new-fav-hd1.gif","general-handheld_icon-old_iphone":"","general-handheld_icon-old_ipad":"","general-handheld_icon-retina_iphone":"","general-handheld_icon-retina_ipad":"","bottom_bar-copyrights":"","bottom_bar-credits":"1","stripes-stripe_1_color":"#f2f3f3","stripes-stripe_1_bg_image":{"image":"\/inc\/presets\/images\/full\/skin05r.stripes-stripe-1-bg-image.gif","repeat":"repeat","position_x":"center","position_y":"center"},"stripes-stripe_1_outline":"hide","stripes-stripe_1_outline_color":"#888888","stripes-stripe_1_outline_opacity":14,"stripes-stripe_1_content_boxes_bg_color":"#ffffff","stripes-stripe_1_content_boxes_bg_opacity":100,"stripes-stripe_1_content_boxes_decoration":"none","stripes-stripe_1_content_boxes_decoration_outline_color":"#888888","stripes-stripe_1_content_boxes_decoration_outline_opacity":0,"stripes-stripe_1_headers_color":"#242e35","stripes-stripe_1_text_color":"#5f676c","stripes-stripe_2_color":"#20262a","stripes-stripe_2_bg_image":{"image":"","repeat":"repeat","position_x":"center","position_y":"center"},"stripes-stripe_2_outline":"hide","stripes-stripe_2_outline_color":"#ffffff","stripes-stripe_2_outline_opacity":10,"stripes-stripe_2_content_boxes_bg_color":"#373c40","stripes-stripe_2_content_boxes_bg_opacity":100,"stripes-stripe_2_content_boxes_decoration":"none","stripes-stripe_2_content_boxes_decoration_outline_color":"#ffffff","stripes-stripe_2_content_boxes_decoration_outline_opacity":17,"stripes-stripe_2_headers_color":"#ffffff","stripes-stripe_2_text_color":"#ffffff","stripes-stripe_3_color":"#005484","stripes-stripe_3_bg_image":{"image":"\/inc\/presets\/images\/full\/skin05r.stripes-stripe-3-bg-image.gif","repeat":"repeat","position_x":"center","position_y":"center"},"stripes-stripe_3_outline":"hide","stripes-stripe_3_outline_color":"#FFFFFF","stripes-stripe_3_outline_opacity":10,"stripes-stripe_3_content_boxes_bg_color":"#0071a7","stripes-stripe_3_content_boxes_bg_opacity":100,"stripes-stripe_3_content_boxes_decoration":"none","stripes-stripe_3_content_boxes_decoration_outline_color":"#ffffff","stripes-stripe_3_content_boxes_decoration_outline_opacity":0,"stripes-stripe_3_headers_color":"#ffffff","stripes-stripe_3_text_color":"#ffffff","sidebar-width":"350px","sidebar-vertical_distance":30,"sidebar-visual_style":"with_widgets_bg","sidebar-divider-vertical":"0","sidebar-divider-horizontal":"0","sidebar-bg_color":"#f2f3f3","sidebar-bg_opacity":100,"sidebar-bg_image":{"image":"","repeat":"repeat","position_x":"right","position_y":"top"},"sidebar-decoration":"none","sidebar-decoration_outline_color":"#989a9f","sidebar-decoration_outline_opacity":18,"sidebar-headers_color":"#242e35","sidebar-primary_text_color":"#71787c","footer-style":"solid_background","footer-bg_color":"#20262a","footer-bg_opacity":100,"footer-decoration":"none","footer-decoration_outline_color":"#2f2f31","footer-decoration_outline_opacity":96,"footer-bg_image":{"image":"\/inc\/presets\/images\/full\/skin05r.footer-bg-image.gif","repeat":"no-repeat","position_x":"right","position_y":"bottom"},"footer-slide-out-mode":"0","footer-headers_color":"#ffffff","footer-primary_text_color":"#ffffff","footer-padding-top":60,"footer-padding-bottom":0,"footer-paddings-columns":25,"footer-layout":"1\/3+1\/3+1\/3","footer-collapse_after":768,"bottom_bar-style":"solid_background","bottom_bar-bg_color":"#ffffff","bottom_bar-bg_opacity":0,"bottom_bar-bg_image":{"image":"","repeat":"repeat","position_x":"center","position_y":"top"},"bottom_bar-color":"#ffffff","bottom_bar-text":"","general-show_author_in_blog":"1","general-next_prev_in_blog":"1","general-show_back_button_in_post":"1","general-blog_meta_on":"1","general-blog_meta_date":"1","general-blog_meta_author":"1","general-blog_meta_categories":"1","general-blog_meta_comments":"1","general-blog_meta_tags":"1","general-show_rel_posts":"1","general-rel_posts_head_title":"Related posts","general-rel_posts_max":6,"general-next_prev_in_portfolio":"1","general-show_back_button_in_project":"1","general-portfolio_meta_on":"1","general-portfolio_meta_date":"1","general-portfolio_meta_author":"1","general-portfolio_meta_categories":"1","general-portfolio_meta_comments":"1","general-show_rel_projects":"1","general-rel_projects_head_title":"Related projects","general-rel_projects_title":"1","general-rel_projects_excerpt":false,"general-rel_projects_info_date":false,"general-rel_projects_info_author":false,"general-rel_projects_info_comments":false,"general-rel_projects_info_categories":"1","general-rel_projects_link":false,"general-rel_projects_zoom":"1","general-rel_projects_details":"1","general-rel_projects_max":4,"general-rel_projects_fullwidth_height":275,"general-rel_projects_fullwidth_width_style":"fixed","general-rel_projects_fullwidth_width":275,"general-rel_projects_height":180,"general-rel_projects_width_style":"prop","general-rel_projects_width":180,"general-next_prev_in_album":"1","general-show_back_button_in_album":"1","general-album_meta_on":"1","general-album_meta_date":"1","general-album_meta_author":false,"general-album_meta_categories":"1","general-album_meta_comments":false,"general-title_align":"center","general-title_height":160,"page_title-padding-top":0,"page_title-padding-bottom":0,"general-show_titles":"1","general-title_size":"h2","general-title_color":"#242e35","general-show_breadcrumbs":"0","general-breadcrumbs_color":"#242e35","general-breadcrumbs_bg_color":"white","general-title_bg_mode":"background","header-background":"normal","header-transparent_bg_color":"#ffffff","header-transparent_bg_opacity":100,"page_title-background-style-transparent-color_scheme":"from_options","general-title_bg_color":"#f3f4f4","general-title_bg_opacity":100,"general-title_decoration":"none","general-title_decoration_outline_color":"#888888","general-title_decoration_outline_opacity":14,"general-title_bg_gradient":["#be3179","#fa4b4e"],"general-title_bg_image":{"image":"","repeat":"no-repeat","position_x":"center","position_y":"center"},"general-title_bg_fullscreen":false,"general-title_bg_fixed":false,"general-title_bg_parallax":"","fonts-font_family":"Open Sans","fonts-big_size":16,"fonts-big_size_line_height":28,"fonts-normal_size":14,"fonts-normal_size_line_height":26,"fonts-small_size":12,"fonts-small_size_line_height":22,"fonts-h1_font_family":"Roboto","fonts-h1_font_size":52,"fonts-h1_line_height":62,"fonts-h1_uppercase":false,"fonts-h2_font_family":"Roboto","fonts-h2_font_size":40,"fonts-h2_line_height":50,"fonts-h2_uppercase":false,"fonts-h3_font_family":"Roboto","fonts-h3_font_size":26,"fonts-h3_line_height":36,"fonts-h3_uppercase":false,"fonts-h4_font_family":"Roboto","fonts-h4_font_size":22,"fonts-h4_line_height":32,"fonts-h4_uppercase":false,"fonts-h5_font_family":"Roboto","fonts-h5_font_size":18,"fonts-h5_line_height":28,"fonts-h5_uppercase":false,"fonts-h6_font_family":"Roboto:700","fonts-h6_font_size":16,"fonts-h6_line_height":26,"fonts-h6_uppercase":false,"buttons-style":"flat","buttons-color_mode":"accent","buttons-color":"#81d742","buttons-color_gradient":["#dd3333","#3a892a"],"buttons-hover_color_mode":"color","buttons-hover_color":"#0eade2","buttons-hover_color_gradient":["#cc4789","#e57544"],"buttons-text_color_mode":"color","buttons-text_color":"#ffffff","buttons-text_hover_color_mode":"color","buttons-text_hover_color":"#ffffff","buttons-s_font_family":"Roboto:700","buttons-s_font_size":12,"buttons-s_uppercase":false,"buttons-s_line_height":30,"buttons-s_border_radius":5,"buttons-m_font_family":"Roboto:700","buttons-m_font_size":14,"buttons-m_uppercase":false,"buttons-m_line_height":38,"buttons-m_border_radius":5,"buttons-l_font_family":"Roboto:700","buttons-l_font_size":17,"buttons-l_uppercase":false,"buttons-l_line_height":50,"buttons-l_border_radius":5,"image_hover-style":"none","image_hover-onclick_animation":"1","image_hover-default_icon":"none","image_hover-color_mode":"color","image_hover-color":"#005584","image_hover-color_gradient":["#000000","#303030"],"image_hover-opacity":20,"image_hover-project_icons_style":"outline","image_hover-album_miniatures_style":"style_2","image_hover-project_rollover_color_mode":"color","image_hover-project_rollover_color":"#005584","image_hover-project_rollover_color_gradient":["#6ae5e6","#1190c9"],"image_hover-project_rollover_opacity":90,"social_buttons-visibility":"allways","social_buttons-post-button_title":"Share this post","social_buttons-post":["twitter","facebook","google+","pinterest","linkedin"],"social_buttons-portfolio_post-button_title":"Share this project","social_buttons-portfolio_post":["twitter","facebook","google+","pinterest","linkedin"],"social_buttons-photo-button_title":"Share this image","social_buttons-photo":[],"social_buttons-page-button_title":"Share this page","social_buttons-page":[],"widgetareas":{"1":{"sidebar_name":"Default Sidebar","sidebar_desc":"Sidebar primary widget area"},"2":{"sidebar_name":"Default Footer","sidebar_desc":"Footer primary widget area"}},"general-album_back_button_target_page_id":0,"general-post_back_button_target_page_id":46,"general-project_back_button_target_page_id":9,"header-elements-menu-style":"dropdown","general-images_lazy_loading":"1","header-elements-contact-address-second-header-switch":"in_menu","header-elements-contact-phone-second-header-switch":"in_menu","header-elements-contact-email-second-header-switch":"in_menu","header-elements-contact-skype-second-header-switch":"in_menu","header-elements-contact-clock-second-header-switch":"hidden","header-elements-login-second-header-switch":"in_menu","header-elements-text-second-header-switch":"in_menu","header-elements-text-2-second-header-switch":"in_menu","header-elements-text-3-second-header-switch":"in_menu","header-elements-menu-second-header-switch":"in_menu","header-elements-soc_icons-second-header-switch":"in_menu","header-elements-search-second-header-switch":"near_logo","general-side_content_paddings":30,"general-switch_content_paddings":768,"general-mobile_side_content_paddings":10,"header-classic-icons_style":"light","header-inline-icons_style":"light","header-split-icons_style":"light","header-side-icons_style":"light","header-slide_out-icons_style":"light","header-overlay-icons_style":"light","general-template_content_vertical_margins":50,"general-page_content_top_margin":70,"general-page_content_bottom_margin":70,"bottom_bar-enabled":"1","content-secondary_text_color":"#a1a7ab","dividers-color":"#cccccc","dividers-opacity":40,"general-filter_style-minimal-border_radius":5,"general-filter_style-material-line_size":2,"general-navigation_margin":50,"blog-fancy_date-style":"horizontal","post-show_fancy_date":"1","post-show_fancy_categories":"1","blog-thumbnail_size":"original","blog-thumbnail_proportions":{"width":3,"height":2},"modules-portfolio-status":"enabled","modules-testimonials-status":"enabled","modules-team-status":"enabled","modules-logos-status":"enabled","modules-benefits-status":"enabled","modules-albums-status":"enabled","modules-slideshow-status":"enabled","header-classic-elements-near_menu_right-padding-top":0,"header-classic-elements-near_menu_right-padding-bottom":0,"header-classic-elements-near_logo_left-padding-top":0,"header-classic-elements-near_logo_left-padding-bottom":0,"header-classic-elements-near_logo_right-padding-top":0,"header-classic-elements-near_logo_right-padding-bottom":0,"header-inline-elements-near_menu_right-padding-top":0,"header-inline-elements-near_menu_right-padding-bottom":0,"header-split-elements-near_menu_left-padding-top":0,"header-split-elements-near_menu_left-padding-bottom":0,"header-split-elements-near_menu_right-padding-top":0,"header-split-elements-near_menu_right-padding-bottom":0,"header-slide_out-elements-top_line-padding-top":0,"header-slide_out-elements-top_line-padding-bottom":0,"header-overlay-elements-top_line-padding-top":0,"header-overlay-elements-top_line-padding-bottom":0,"header-classic-menu-margin-top":0,"header-classic-menu-margin-bottom":0,"header-menu_icon-size":"small","header-menu_icon-bg-size":54,"header-menu-decoration-underline-line_size":"2","header-menu-decoration-other-line_size":"0","header-elements-search-on-desktops":"show","header-elements-search-first-header-switch":"near_logo","header-elements-contact-address-on-desktops":"show","header-elements-contact-address-first-header-switch":"near_logo","header-elements-contact-phone-on-desktops":"show","header-elements-contact-phone-first-header-switch":"near_logo","header-elements-contact-email-on-desktops":"show","header-elements-contact-email-first-header-switch":"near_logo","header-elements-contact-skype-on-desktops":"show","header-elements-contact-skype-first-header-switch":"near_logo","header-elements-contact-clock-on-desktops":"show","header-elements-contact-clock-first-header-switch":"near_logo","header-elements-login-on-desktops":"show","header-elements-login-first-header-switch":"near_logo","header-elements-text-on-desktops":"show","header-elements-text-first-header-switch":"near_logo","header-elements-text-2-on-desktops":"show","header-elements-text-2-first-header-switch":"near_logo","header-elements-text-3-on-desktops":"show","header-elements-text-3-first-header-switch":"near_logo","header-elements-menu-on-desktops":"show","header-elements-menu-first-header-switch":"near_logo","header-elements-soc_icons-on-desktops":"show","header-elements-soc_icons-first-header-switch":"near_logo","sidebar-distance_to_content":50,"sidebar-responsiveness":900},"wp_settings":{"show_on_front":"page","page_on_front":"592","page_for_posts":"0"},"widgets_settings":{"widget_archives":{"2":{"title":"","count":0,"dropdown":0},"_multiwidget":1},"widget_meta":{"2":{"title":""},"_multiwidget":1},"widget_search":{"2":{"title":""},"_multiwidget":1},"widget_text":{"2":{"title":"","text":"<a href=\"http:\/\/themeforest.net\/item\/the7-responsive-multipurpose-wordpress-theme\/5556590?ref=Dream-Theme\"><img width=\"200\" style=\"margin: 5px 0px 15px 0px; max-width: 100%;\" src=\"http:\/\/the7.io\/creative\/wp-content\/uploads\/sites\/3\/2014\/03\/the7-creative-footer-img.jpg\"><\/a>\r\n\r\n<p><span style=\"color: #8f9294\">E-mail:<\/span><br><span style=\"color: #ffffff\">info@your-site.com<\/span><\/p>\r\n\r\n\r\n<p><span style=\"color: #8f9294\">Business time:<\/span><br>\r\n<span style=\"color: #ffffff\">Mon. \u2013 Fri. 09:00 - 17:00 CET<\/span><\/p>\r\n\r\n<p>[dt_gap height=\"5\" \/]<\/p>\r\n\r\n<p>[dt_button size=\"small\"  icon_align=\"right\" color=\"\" link=\"http:\/\/the7.io\/creative\/contact\/\" target_blank=\"false\"]Submit a request[\/dt_button]<\/p>","filter":false},"_multiwidget":1},"widget_categories":{"2":{"title":"","count":0,"hierarchical":0,"dropdown":0},"_multiwidget":1},"widget_recent-posts":{"2":{"title":"","number":5},"_multiwidget":1},"widget_recent-comments":{"2":{"title":"","number":5},"3":{"title":"RECENT COMMENTS","number":4},"_multiwidget":1},"widget_presscore-blog-posts":{"2":{"title":"FROM OUR BLOG","order":"DESC","orderby":"date","show":5,"select":"all","cats":[],"thumbnails":0,"round_images":0,"images_dimensions":{"w":40,"h":40},"show_excerpts":0},"3":{"title":"RECENT POSTS","order":"DESC","orderby":"date","show":6,"select":"all","cats":[],"thumbnails":1,"round_images":0,"show_excerpts":0,"images_dimensions":{"w":70,"h":50}},"_multiwidget":1},"widget_presscore-progress-bars-widget":{"2":{"title":"WE ARE GOOD AT","text":"Cum sociis natoque penatibus et magnis dis parturient montes, nascetur ridiculus mus bibendum quis euismod.","fields":[{"title":"Design","percent":95,"color":"","show_percent":false},{"title":"Photography","percent":82,"color":"","show_percent":false},{"title":"Programming","percent":70,"color":"","show_percent":false},{"title":"Marketing","percent":55,"color":"","show_percent":false}]},"_multiwidget":1},"widget_presscore-portfolio":{"2":{"title":"RECENT PROJECTS","order":"DESC","orderby":"date","select":"all","show":12,"cats":[],"max_width":102},"_multiwidget":1},"widget_presscore-testimonials-slider":{"2":{"title":"TESTIMONIALS","order":"DESC","orderby":"date","select":"only","show":6,"cats":["24"],"autoslide":0},"_multiwidget":1},"sidebars_widgets":{"orphaned_widgets_1":["search-2","recent-posts-2","recent-comments-2","archives-2","categories-2","meta-2"],"wp_inactive_widgets":["9022"],"sidebar_1":["presscore-blog-posts-3","recent-comments-3","presscore-progress-bars-widget-2","presscore-testimonials-slider-2"],"sidebar_2":["text-2","presscore-blog-posts-2","presscore-portfolio-2"],"array_version":3}},"nav_menu_locations":{"primary":34,"top":0,"bottom":33},"ultimate_selected_google_fonts":[{"font_family":"Roboto","font_name":"Roboto","variants":[{"variant_value":"100","variant_selected":"false"},{"variant_value":"100italic","variant_selected":"false"},{"variant_value":"300","variant_selected":"false"},{"variant_value":"300italic","variant_selected":"false"},{"variant_value":"italic","variant_selected":"false"},{"variant_value":"500","variant_selected":"false"},{"variant_value":"500italic","variant_selected":"false"},{"variant_value":"700","variant_selected":"false"},{"variant_value":"700italic","variant_selected":"false"},{"variant_value":"900","variant_selected":"false"},{"variant_value":"900italic","variant_selected":"false"}],"subsets":[{"subset_value":"vietnamese","subset_selected":"false"},{"subset_value":"greek","subset_selected":"false"},{"subset_value":"latin-ext","subset_selected":"false"},{"subset_value":"cyrillic-ext","subset_selected":"false"},{"subset_value":"latin","subset_selected":"false"},{"subset_value":"cyrillic","subset_selected":"false"},{"subset_value":"greek-ext","subset_selected":"false"}]}],"ultimate_icon_fonts":{"icomoon-material-24x24":{"include":"smile_fonts\/icomoon-material-24x24","folder":"smile_fonts\/icomoon-material-24x24","style":"icomoon-material-24x24\/icomoon-material-24x24.css","config":"charmap.php"},"icomoon-icomoonfree-16x16":{"include":"smile_fonts\/icomoon-icomoonfree-16x16","folder":"smile_fonts\/icomoon-icomoonfree-16x16","style":"icomoon-icomoonfree-16x16\/icomoon-icomoonfree-16x16.css","config":"charmap.php"}},"revolution_sliders":["the7-fullscreen-header-excluded"],"vc_settings":{"use_custom":"1","vc_color":"#f7f7f7","vc_color_hover":"#F0F0F0","vc_color_call_to_action_bg":"","vc_color_google_maps_bg":"","vc_color_post_slider_caption_bg":"","vc_color_progress_bar_bg":"","vc_color_separator_border":"","vc_color_tab_bg":"","vc_color_tab_bg_active":"","margin":"0px","gutter":"50","responsive_max":"768"}}