{"schema":{"folders":{"ultimate_icon_fonts":"Ultimate_VC_Addons\/icon-fonts"}},"theme_options":{"general-content_width":"1300px","general-layout":"wide","general-box_width":"1280px","general-boxed_bg_color":"#ffffff","general-boxed_bg_image":{"image":"","repeat":"repeat","position_x":"center","position_y":"center"},"general-boxed_bg_fullscreen":false,"general-boxed_bg_fixed":false,"general-bg_color":"#ffffff","general-bg_opacity":100,"general-bg_image":{"image":"","repeat":"repeat","position_x":"center","position_y":"top"},"general-bg_fullscreen":false,"general-bg_fixed":false,"general-content_boxes_bg_color":"#f6f6f6","general-content_boxes_bg_opacity":100,"general-content_boxes_decoration":"none","general-content_boxes_decoration_outline_color":"#000000","general-content_boxes_decoration_outline_opacity":0,"general-filter_style":"minimal","general-filter-font-family":"Roboto:500","general-filter-font-size":14,"general-filter_ucase":"1","general-filter-padding-top":6,"general-filter-padding-right":15,"general-filter-padding-bottom":6,"general-filter-padding-left":16,"general-filter-margin-top":0,"general-filter-margin-right":5,"general-filter-margin-bottom":0,"general-filter-margin-left":0,"content-headers_color":"#333333","content-primary_text_color":"#757575","general-accent_color_mode":"gradient","general-accent_bg_color":"#ea1e63","general-accent_bg_color_gradient":["#99d240","#39be76"],"general-border_radius":0,"general-contact_form_style":"minimal","general-slideshow_bullets_style":"accent","general-beautiful_loading":"enabled","general-fullscreen_overlay_color_mode":"color","general-fullscreen_overlay_color":"#ffffff","general-fullscreen_overlay_gradient":["#8224e3","#dd3333"],"general-fullscreen_overlay_opacity":100,"general-spinner_color":"#5dc662","general-spinner_opacity":75,"general-loader_style":"square_jelly_box","general-custom_loader":"","general-custom_css":"\/*breadcrumbs background color*\/\r\n.page-title .breadcrumbs {\r\nbackground-color: rgba(0, 0, 0, 0.05);\r\n}\r\n\r\n\/*microwidgets near main logo - margins*\/\r\n.classic-header .branding .mini-widgets {\r\nmargin: 4px 0 0 0;\r\n}","general-responsive":"1","general-responsiveness-treshold":970,"general-hd_images":"srcset_based","general-smooth_scroll":"off","general-hide_plugins_notifications":"1","header-layout":"inline","header-classic-show_elements":"1","header-classic-elements":{"near_menu_right":["cart","search"],"near_logo_right":["text_area"]},"header-classic-elements-near_menu_right-padding-right":0,"header-classic-elements-near_menu_right-padding-left":35,"header-classic-elements-near_logo_left-padding-right":0,"header-classic-elements-near_logo_left-padding-left":0,"header-classic-elements-near_logo_right-padding-right":0,"header-classic-elements-near_logo_right-padding-left":0,"header-inline-show_elements":"1","header-inline-elements":{"near_menu_right":["search","social_icons"]},"header-inline-elements-near_menu_right-padding-right":30,"header-inline-elements-near_menu_right-padding-left":30,"header-split-show_elements":"1","header-split-elements":{"near_menu_left":["search"],"near_menu_right":["cart"]},"header-split-elements-near_menu_left-padding-right":20,"header-split-elements-near_menu_left-padding-left":20,"header-split-elements-near_menu_right-padding-right":20,"header-split-elements-near_menu_right-padding-left":20,"header-side-show_elements":"1","header-side-elements":{"below_menu":["social_icons","email","skype"]},"header-side-elements-below_menu-padding-top":0,"header-side-elements-below_menu-padding-right":35,"header-side-elements-below_menu-padding-bottom":0,"header-side-elements-below_menu-padding-left":35,"header-slide_out-show_elements":"1","header-slide_out-elements":{"side_top_line":["cart","search","phone"],"below_menu":["working_hours","email","social_icons"]},"header-slide_out-elements-top_line-padding-right":0,"header-slide_out-elements-top_line-padding-left":0,"header-slide_out-elements-below_menu-padding-top":30,"header-slide_out-elements-below_menu-padding-right":0,"header-slide_out-elements-below_menu-padding-bottom":30,"header-slide_out-elements-below_menu-padding-left":0,"header-overlay-show_elements":"1","header-overlay-elements":{"side_top_line":["phone","email"],"below_menu":["search","cart"]},"header-overlay-elements-top_line-padding-right":0,"header-overlay-elements-top_line-padding-left":0,"header-overlay-elements-below_menu-padding-top":0,"header-overlay-elements-below_menu-padding-right":0,"header-overlay-elements-below_menu-padding-bottom":0,"header-overlay-elements-below_menu-padding-left":0,"header-classic-logo-position":"left","header-classic-menu-position":"justify","header-classic-height":200,"header-classic-is_fullwidth":"0","header-inline-menu-position":"justify","header-inline-height":120,"header-inline-is_fullwidth":"1","header-split-menu-position":"outside","header-split-height":100,"header-split-is_fullwidth":"0","header-side-position":"right","header-side-width":"300px","header-side-content-width":"300px","header-side-content-position":"center","header-side-content-padding-top":50,"header-side-content-padding-right":0,"header-side-content-padding-bottom":40,"header-side-content-padding-left":0,"header-side-menu-position":"v_top","header-side-logo-position":"inside","header-side-menu-padding-top":50,"header-side-menu-padding-bottom":50,"header-side-menu-items_alignment":"center","header-side-menu-items_link":"fullwidth","header-slide_out-layout":"top_line","header-slide_out-layout-menu_icon-show_floating_logo":"1","header-slide_out-layout-top_line-height":74,"header-slide_out-layout-top_line-is_fullwidth":"1","header-slide_out-layout-top_line-logo-position":"left","header-slide_out-layout-side_line-width":64,"header-slide_out-layout-side_line-position":"above","header-slide_out-position":"right","header-slide_out-overlay-animation":"move","header-slide_out-width":"370px","header-slide_out-content-width":"100%","header-slide_out-content-position":"center","header-slide_out-content-padding-top":0,"header-slide_out-content-padding-right":54,"header-slide_out-content-padding-bottom":0,"header-slide_out-content-padding-left":54,"header-slide_out-menu-position":"v_top","header-slide_out-logo-position":"fully_inside","header-slide_out-menu-padding-top":0,"header-slide_out-menu-padding-bottom":0,"header-slide_out-menu-items_alignment":"left","header-slide_out-menu-items_link":"fullwidth","header-overlay-layout":"top_line","header-overlay-layout-menu_icon-show_floating_logo":"1","header-overlay-layout-top_line-height":80,"header-overlay-layout-top_line-is_fullwidth":"0","header-overlay-layout-top_line-logo-position":"center","header-overlay-layout-side_line-width":60,"header-overlay-content-width":"500px","header-overlay-content-position":"left","header-overlay-content-padding-top":0,"header-overlay-content-padding-right":50,"header-overlay-content-padding-bottom":0,"header-overlay-content-padding-left":50,"header-overlay-menu-position":"v_top","header-overlay-logo-position":"fully_inside","header-overlay-menu-padding-top":0,"header-overlay-menu-padding-bottom":0,"header-overlay-menu-items_alignment":"left","header-overlay-menu-items_link":"fullwidth","top_bar-font-family":"Roboto:500","top_bar-font-size":13,"top_bar-font-is_capitalized":false,"top_bar-font-color":"#efefef","top_bar-paddings-top":0,"top_bar-paddings-bottom":0,"top_bar-paddings-horizontal":0,"top_bar-bg-style":"solid","top_bar-bg-color":"#232629","top_bar-bg-opacity":100,"top_bar-bg-image":{"image":"","repeat":"repeat","position_x":"center","position_y":"center"},"header-bg-color":"#ffffff","header-bg-opacity":100,"header-bg-image":{"image":"","repeat":"repeat","position_x":"center","position_y":"center"},"header-bg-is_fullscreen":false,"header-bg-is_fixed":false,"header-decoration":"shadow","header-decoration-color":"#ffffff","header-decoration-opacity":15,"header-classic-menu-bg-style":"content_line","header-classic-menu-bg-color":"#333333","header-classic-menu-bg-opacity":10,"header-menu_icon-color":"#ffffff","header-menu_icon-bg-color":"#333333","header-menu_icon-bg-opacity":100,"header-menu_icon-hover-color":"#ffffff","header-menu_icon-hover-bg-color":"#333333","header-menu_icon-hover-bg-opacity":100,"header-menu_icon-margin-top":0,"header-menu_icon-margin-right":25,"header-menu_icon-margin-bottom":0,"header-menu_icon-margin-left":20,"header-menu_icon-bg-border-radius":50,"header-mixed-decoration":"shadow","header-mixed-decoration-color":"#000000","header-mixed-decoration-opacity":20,"header-mixed-bg-color":"#ffffff","header-mixed-bg-opacity":100,"header-slide_out-overlay-bg-color-style":"color","header-slide_out-overlay-bg-color":"#333333","header-slide_out-overlay-bg-gradient":["#cdb7e2","#821482"],"header-slide_out-overlay-bg-opacity":25,"header-slide_out-overlay-blur":"0","header-slide_out-overlay-x_cursor":"1","header-slide_out-overlay-x_cursor-color":"#ffffff","header-slide_out-overlay-x_cursor-opacity":100,"header-menu-font-family":"Roboto:700","header-menu-font-size":17,"header-menu-font-is_capitalized":false,"header-menu-subtitle-font-family":"Arial:400italic","header-menu-subtitle-font-size":10,"header-menu-font-color":"#333333","header-menu-hover-font-color-style":"accent","header-menu-hover-font-color":"#60d45c","header-menu-hover-font-gradient":["#8224e3","#751257"],"header-menu-active_item-font-color-style":"accent","header-menu-active_item-font-color":"#60d45c","header-menu-active_item-font-gradient":["#ffffff","#000000"],"header-menu-icon-size":14,"header-menu-show_next_lvl_icons":false,"header-menu-item-padding-top":0,"header-menu-item-padding-right":0,"header-menu-item-padding-bottom":0,"header-menu-item-padding-left":0,"header-menu-item-margin-top":0,"header-menu-item-margin-right":0,"header-menu-item-margin-bottom":0,"header-menu-item-margin-left":0,"header-menu-item-surround_margins-style":"regular","header-menu-item-surround_margins-custom-margin":-20,"header-menu-decoration-other-links-is_justified":"1","header-menu-show_dividers":"1","header-menu-dividers-height-style":"full","header-menu-dividers-height":30,"header-menu-dividers-surround":"1","header-menu-dividers-color":"#cccccc","header-menu-dividers-opacity":50,"header-menu-decoration-style":"other","header-menu-decoration-underline-direction":"downwards","header-menu-decoration-underline-color-style":"accent","header-menu-decoration-underline-color":"#ffffff","header-menu-decoration-underline-gradient":["#ffffff","#000000"],"header-menu-decoration-other-hover-style":"background","header-menu-decoration-other-hover-color-style":"accent","header-menu-decoration-other-hover-color":"#ffffff","header-menu-decoration-other-hover-gradient":["#ffffff","#000000"],"header-menu-decoration-other-opacity":0,"header-menu-decoration-other-hover-line":"1","header-menu-decoration-other-hover-line-color-style":"accent","header-menu-decoration-other-hover-line-color":"#dd3333","header-menu-decoration-other-hover-line-gradient":["#ffffff","#000000"],"header-menu-decoration-other-hover-line-opacity":100,"header-menu-decoration-other-active-style":"background","header-menu-decoration-other-active-color-style":"accent","header-menu-decoration-other-active-color":"#ffffff","header-menu-decoration-other-active-gradient":["#ffffff","#000000"],"header-menu-decoration-other-active-opacity":0,"header-menu-decoration-other-active-line":"1","header-menu-decoration-other-active-line-color-style":"accent","header-menu-decoration-other-active-line-color":"#8224e3","header-menu-decoration-other-active-line-gradient":["#dd3333","#81d742"],"header-menu-decoration-other-active-line-opacity":100,"header-menu-decoration-other-click_decor":"0","header-menu-decoration-other-click_decor-color-style":"accent","header-menu-decoration-other-click_decor-color":"#ffffff","header-menu-decoration-other-click_decor-gradient":["#ffffff","#000000"],"header-menu-decoration-other-click_decor-opacity":20,"header-menu-decoration-other-border-radius":0,"header-menu-submenu-font-family":"Roboto","header-menu-submenu-font-size":14,"header-menu-submenu-font-is_uppercase":false,"header-menu-submenu-subtitle-font-family":"Arial:400italic","header-menu-submenu-subtitle-font-size":10,"header-menu-submenu-font-color":"#efefef","header-menu-submenu-hover-font-color-style":"color","header-menu-submenu-hover-font-color":"#efefef","header-menu-submenu-hover-font-gradient":["#81d742","#eeee22"],"header-menu-submenu-active-font-color-style":"accent","header-menu-submenu-active-font-color":"#60d45c","header-menu-submenu-active-font-gradient":["#ffffff","#000000"],"header-menu-submenu-icon-size":14,"header-menu-submenu-show_next_lvl_icons":"1","header-menu-submenu-parent_is_clickable":"1","header-menu-submenu-item-padding-top":9,"header-menu-submenu-item-padding-right":8,"header-menu-submenu-item-padding-bottom":9,"header-menu-submenu-item-padding-left":8,"header-menu-submenu-item-margin-top":0,"header-menu-submenu-item-margin-right":0,"header-menu-submenu-item-margin-bottom":0,"header-menu-submenu-item-margin-left":0,"header-menu-submenu-bg-color":"#2f3234","header-menu-submenu-bg-opacity":95,"header-menu-submenu-bg-width":250,"header-menu-submenu-bg-hover":"animated_background","header-side-menu-submenu-position":"down","header-elements-near_menu-font_family":"Roboto:500","header-elements-near_menu-font_size":13,"header-elements-near_menu-font_color":"#333333","header-elements-near_logo-font_family":"Roboto:500","header-elements-near_logo-font_size":15,"header-elements-near_logo-font_color":"#333333","header-elements-search-caption":"","header-elements-search-icon":"1","header-elements-contact-address-caption":"8500 Beverly Boulevard Los Angeles, CA 90048","header-elements-contact-address-icon":"1","header-elements-contact-phone-caption":"011 322 44 56","header-elements-contact-phone-icon":"1","header-elements-contact-email-caption":"sales@yoursite.com","header-elements-contact-email-icon":"1","header-elements-contact-skype-caption":"Your_Skype","header-elements-contact-skype-icon":"1","header-elements-contact-clock-caption":"Monday \u2013 Friday 10 AM \u2013 8 PM","header-elements-contact-clock-icon":"1","header-elements-login-caption":"Login","header-elements-logout-caption":"Logout","header-elements-login-icon":"1","header-elements-login-url":"http:\/\/themeforest.net","header-elements-text":"<a href=\"http:\/\/themeforest.net\/item\/the7-responsive-multipurpose-wordpress-theme\/5556590?ref=Dream-Theme&amp;license=regular&amp;open_purchase_for_item_id=5556590\" target=\"_blank\"><img src=\"http:\/\/the7.io\/news\/wp-content\/uploads\/sites\/5\/2014\/03\/the7-news-banner.jpg\" alt=\"the7-news-banner\" width=\"728\" height=\"90\" \/><\/a>","header-elements-text-2":"Some call to action text goes here!","header-elements-text-3":"Some call to action text goes here!","header-elements-soc_icons-color":"#333333","header-elements-soc_icons-bg":"color","header-elements-soc_icons-bg-color":"#ededed","header-elements-soc_icons-bg-opacity":100,"header-elements-soc_icons-bg-gradient":["#ffffff","#000000"],"header-elements-soc_icons-hover-color":"#ffffff","header-elements-soc_icons-hover-bg":"accent","header-elements-soc_icons-hover-bg-color":"#ffffff","header-elements-soc_icons-bg-hover-opacity":100,"header-elements-soc_icons-hover-bg-gradient":["#ffffff","#000000"],"header-elements-soc_icons":{"1":{"icon":"facebook","url":"\/"},"2":{"icon":"twitter","url":"\/"},"3":{"icon":"google","url":"\/"}},"header-show_floating_navigation":"1","header-floating_navigation-style":"fade","header-floating_navigation-show_after":220,"header-floating_navigation-height":60,"header-floating_navigation-bg-color":"#ffffff","header-floating_navigation-bg-opacity":100,"header-floating_navigation-decoration":"shadow","header-floating_navigation-decoration-color":"#ffffff","header-floating_navigation-decoration-opacity":10,"header-mobile-first_switch-after":1100,"header-mobile-first_switch-layout":"right_left","header-mobile-first_switch-height":60,"header-mobile-second_switch-after":768,"header-mobile-second_switch-layout":"right_left","header-mobile-second_switch-height":60,"header-mobile-floating_navigation":"sticky","header-mobile-menu-font-family":"Roboto:700","header-mobile-menu-font-size":15,"header-mobile-menu-font-is_capitalized":false,"header-mobile-submenu-font-family":"Roboto:500","header-mobile-submenu-font-size":13,"header-mobile-submenu-font-is_capitalized":false,"header-mobile-menu-font-color":"#333333","header-mobile-menu-font-hover-color-style":"accent","header-mobile-menu-font-hover-color":"#60d45c","header-mobile-menu-font-hover-gradient":["#b78ce2","#1e73be"],"header-mobile-menu-bg-color":"#ffffff","header-mobile-menu-bg-opacity":100,"header-mobile-menu-bg-width":340,"header-mobile-menu-align":"right","header-logo_regular":["\/wp-content\/uploads\/sites\/5\/2015\/11\/s-news-largre.png",14889],"header-logo_hd":["\/wp-content\/uploads\/sites\/5\/2015\/11\/s-news-large-hd.png",14888],"header-logo-padding-top":0,"header-logo-padding-right":30,"header-logo-padding-bottom":0,"header-logo-padding-left":30,"header-style-transparent-logo_regular":["\/wp-content\/uploads\/sites\/5\/2015\/11\/s-tr.png",14891],"header-style-transparent-logo_hd":["\/wp-content\/uploads\/sites\/5\/2015\/11\/s-tr-hd.png",14890],"header-style-transparent-logo-padding-top":0,"header-style-transparent-logo-padding-right":30,"header-style-transparent-logo-padding-bottom":0,"header-style-transparent-logo-padding-left":30,"header-style-mixed-logo_regular":["",0],"header-style-mixed-logo_hd":["",0],"header-style-mixed-logo-padding-top":0,"header-style-mixed-logo-padding-right":0,"header-style-mixed-logo-padding-bottom":0,"header-style-mixed-logo-padding-left":0,"header-style-floating-choose_logo":"none","header-style-floating-logo_regular":["",0],"header-style-floating-logo_hd":["",0],"header-style-floating-logo-padding-top":0,"header-style-floating-logo-padding-right":0,"header-style-floating-logo-padding-bottom":0,"header-style-floating-logo-padding-left":0,"header-mobile-first_switch-logo":"mobile","header-mobile-second_switch-logo":"mobile","header-style-mobile-logo_regular":["\/wp-content\/uploads\/sites\/5\/2015\/11\/s-news-small.png",14887],"header-style-mobile-logo_hd":["\/wp-content\/uploads\/sites\/5\/2015\/11\/s-news-small-hd.png",14886],"header-style-mobile-logo-padding-top":0,"header-style-mobile-logo-padding-right":0,"header-style-mobile-logo-padding-bottom":0,"header-style-mobile-logo-padding-left":0,"bottom_bar-logo_regular":["\/wp-content\/uploads\/sites\/5\/2015\/11\/s-f.png",14893],"bottom_bar-logo_hd":["\/wp-content\/uploads\/sites\/5\/2015\/11\/s-f-hd.png",14892],"bottom_bar-logo-padding-top":20,"bottom_bar-logo-padding-right":30,"bottom_bar-logo-padding-bottom":20,"bottom_bar-logo-padding-left":0,"general-favicon":"\/wp-content\/uploads\/sites\/5\/2016\/01\/the7-new-fav1.gif","general-favicon_hd":"\/wp-content\/uploads\/sites\/5\/2016\/01\/the7-new-fav-hd1.gif","general-handheld_icon-old_iphone":"","general-handheld_icon-old_ipad":"","general-handheld_icon-retina_iphone":"","general-handheld_icon-retina_ipad":"","bottom_bar-copyrights":"","bottom_bar-credits":"1","stripes-stripe_1_color":"#f6f6f6","stripes-stripe_1_bg_image":{"image":"","repeat":"repeat","position_x":"center","position_y":"center"},"stripes-stripe_1_outline":"hide","stripes-stripe_1_outline_color":"#44bb70","stripes-stripe_1_outline_opacity":94,"stripes-stripe_1_content_boxes_bg_color":"#cccccc","stripes-stripe_1_content_boxes_bg_opacity":20,"stripes-stripe_1_content_boxes_decoration":"none","stripes-stripe_1_content_boxes_decoration_outline_color":"#dd3333","stripes-stripe_1_content_boxes_decoration_outline_opacity":100,"stripes-stripe_1_headers_color":"#333333","stripes-stripe_1_text_color":"#757575","stripes-stripe_2_color":"#f6f6f6","stripes-stripe_2_bg_image":{"image":"","repeat":"repeat","position_x":"center","position_y":"center"},"stripes-stripe_2_outline":"hide","stripes-stripe_2_outline_color":"#c1edaf","stripes-stripe_2_outline_opacity":100,"stripes-stripe_2_content_boxes_bg_color":"#cccccc","stripes-stripe_2_content_boxes_bg_opacity":20,"stripes-stripe_2_content_boxes_decoration":"none","stripes-stripe_2_content_boxes_decoration_outline_color":"#ffffff","stripes-stripe_2_content_boxes_decoration_outline_opacity":12,"stripes-stripe_2_headers_color":"#333333","stripes-stripe_2_text_color":"#757575","stripes-stripe_3_color":"#f6f6f6","stripes-stripe_3_bg_image":{"image":"","repeat":"repeat","position_x":"center","position_y":"center"},"stripes-stripe_3_outline":"hide","stripes-stripe_3_outline_color":"#FFFFFF","stripes-stripe_3_outline_opacity":100,"stripes-stripe_3_content_boxes_bg_color":"#cccccc","stripes-stripe_3_content_boxes_bg_opacity":20,"stripes-stripe_3_content_boxes_decoration":"none","stripes-stripe_3_content_boxes_decoration_outline_color":"#ffffff","stripes-stripe_3_content_boxes_decoration_outline_opacity":16,"stripes-stripe_3_headers_color":"#333333","stripes-stripe_3_text_color":"#757575","sidebar-width":"32%","sidebar-vertical_distance":50,"sidebar-visual_style":"with_dividers","sidebar-divider-vertical":"1","sidebar-divider-horizontal":"0","sidebar-bg_color":"#ffffff","sidebar-bg_opacity":100,"sidebar-bg_image":{"image":"","repeat":"repeat","position_x":"center","position_y":"center"},"sidebar-decoration":"outline","sidebar-decoration_outline_color":"#cccccc","sidebar-decoration_outline_opacity":50,"sidebar-headers_color":"#333333","sidebar-primary_text_color":"#757575","footer-style":"solid_background","footer-bg_color":"#232629","footer-bg_opacity":100,"footer-decoration":"none","footer-decoration_outline_color":"#81d742","footer-decoration_outline_opacity":96,"footer-bg_image":{"image":"","repeat":"repeat","position_x":"center","position_y":"top"},"footer-slide-out-mode":"0","footer-headers_color":"#ffffff","footer-primary_text_color":"#a0a0a0","footer-padding-top":50,"footer-padding-bottom":10,"footer-paddings-columns":25,"footer-layout":"1\/4+1\/4+1\/4+1\/4","footer-collapse_after":970,"bottom_bar-style":"content_width_line","bottom_bar-bg_color":"#ffffff","bottom_bar-bg_opacity":13,"bottom_bar-bg_image":{"image":"","repeat":"repeat","position_x":"center","position_y":"top"},"bottom_bar-color":"#ffffff","bottom_bar-text":"","general-show_author_in_blog":"1","general-next_prev_in_blog":"1","general-show_back_button_in_post":"1","general-blog_meta_on":"1","general-blog_meta_date":"1","general-blog_meta_author":"1","general-blog_meta_categories":"1","general-blog_meta_comments":"1","general-blog_meta_tags":"1","general-show_rel_posts":"1","general-rel_posts_head_title":"Related posts","general-rel_posts_max":8,"general-next_prev_in_portfolio":"1","general-show_back_button_in_project":"0","general-portfolio_meta_on":"1","general-portfolio_meta_date":"1","general-portfolio_meta_author":"1","general-portfolio_meta_categories":"1","general-portfolio_meta_comments":"1","general-show_rel_projects":"0","general-rel_projects_head_title":"Related projects","general-rel_projects_title":"1","general-rel_projects_excerpt":"1","general-rel_projects_info_date":"1","general-rel_projects_info_author":"1","general-rel_projects_info_comments":"1","general-rel_projects_info_categories":"1","general-rel_projects_link":"1","general-rel_projects_zoom":"1","general-rel_projects_details":"1","general-rel_projects_max":12,"general-rel_projects_fullwidth_height":210,"general-rel_projects_fullwidth_width_style":"prop","general-rel_projects_fullwidth_width":210,"general-rel_projects_height":180,"general-rel_projects_width_style":"prop","general-rel_projects_width":180,"general-next_prev_in_album":"1","general-show_back_button_in_album":"1","general-album_meta_on":"1","general-album_meta_date":"1","general-album_meta_author":false,"general-album_meta_categories":"1","general-album_meta_comments":false,"general-title_align":"center","general-title_height":160,"page_title-padding-top":0,"page_title-padding-bottom":3,"general-show_titles":"1","general-title_size":"h2","general-title_color":"#333333","general-show_breadcrumbs":"0","general-breadcrumbs_color":"#333333","general-breadcrumbs_bg_color":"black","general-title_bg_mode":"background","header-background":"normal","header-transparent_bg_color":"#ffffff","header-transparent_bg_opacity":100,"page_title-background-style-transparent-color_scheme":"from_options","general-title_bg_color":"#f6f6f6","general-title_bg_opacity":100,"general-title_decoration":"none","general-title_decoration_outline_color":"#1e73be","general-title_decoration_outline_opacity":0,"general-title_bg_gradient":["#99d240","#39be76"],"general-title_bg_image":{"image":"","repeat":"no-repeat","position_x":"center","position_y":"center"},"general-title_bg_fullscreen":false,"general-title_bg_fixed":false,"general-title_bg_parallax":"","fonts-font_family":"Roboto","fonts-big_size":15,"fonts-big_size_line_height":27,"fonts-normal_size":15,"fonts-normal_size_line_height":27,"fonts-small_size":13,"fonts-small_size_line_height":24,"fonts-h1_font_family":"Roboto:700","fonts-h1_font_size":40,"fonts-h1_line_height":50,"fonts-h1_uppercase":false,"fonts-h2_font_family":"Roboto:700","fonts-h2_font_size":32,"fonts-h2_line_height":42,"fonts-h2_uppercase":false,"fonts-h3_font_family":"Roboto:700","fonts-h3_font_size":24,"fonts-h3_line_height":34,"fonts-h3_uppercase":false,"fonts-h4_font_family":"Roboto:700","fonts-h4_font_size":18,"fonts-h4_line_height":28,"fonts-h4_uppercase":false,"fonts-h5_font_family":"Roboto:700","fonts-h5_font_size":15,"fonts-h5_line_height":25,"fonts-h5_uppercase":false,"fonts-h6_font_family":"Roboto:700","fonts-h6_font_size":13,"fonts-h6_line_height":23,"fonts-h6_uppercase":false,"buttons-style":"flat","buttons-color_mode":"accent","buttons-color":"#3f51b5","buttons-color_gradient":["#dd3333","#3a892a"],"buttons-hover_color_mode":"gradient","buttons-hover_color":"#dc1c5d","buttons-hover_color_gradient":["#39be76","#99d240"],"buttons-text_color_mode":"color","buttons-text_color":"#ffffff","buttons-text_hover_color_mode":"color","buttons-text_hover_color":"#ffffff","buttons-s_font_family":"Roboto:700","buttons-s_font_size":12,"buttons-s_uppercase":false,"buttons-s_line_height":30,"buttons-s_border_radius":0,"buttons-m_font_family":"Roboto:700","buttons-m_font_size":15,"buttons-m_uppercase":false,"buttons-m_line_height":40,"buttons-m_border_radius":0,"buttons-l_font_family":"Roboto:700","buttons-l_font_size":18,"buttons-l_uppercase":false,"buttons-l_line_height":50,"buttons-l_border_radius":0,"image_hover-style":"scale","image_hover-onclick_animation":"1","image_hover-default_icon":"small_corner","image_hover-color_mode":"color","image_hover-color":"#000000","image_hover-color_gradient":["#000000","#303030"],"image_hover-opacity":37,"image_hover-project_icons_style":"small","image_hover-album_miniatures_style":"style_2","image_hover-project_rollover_color_mode":"color","image_hover-project_rollover_color":"#000000","image_hover-project_rollover_color_gradient":["#6ae5e6","#1190c9"],"image_hover-project_rollover_opacity":73,"social_buttons-visibility":"allways","social_buttons-post-button_title":"Share this post","social_buttons-post":["facebook","twitter","pinterest","google+","linkedin"],"social_buttons-portfolio_post-button_title":"Share this post","social_buttons-portfolio_post":[],"social_buttons-photo-button_title":"Share this image","social_buttons-photo":[],"social_buttons-page-button_title":"Share this page","social_buttons-page":[],"widgetareas":{"1":{"sidebar_name":"Default Sidebar","sidebar_desc":"Sidebar primary widget area"},"2":{"sidebar_name":"Default Footer","sidebar_desc":"Footer primary widget area"}},"general-album_back_button_target_page_id":0,"general-images_lazy_loading":"1","header-elements-contact-address-second-header-switch":"hidden","header-elements-contact-phone-second-header-switch":"in_menu","header-elements-contact-email-second-header-switch":"in_menu","header-elements-contact-skype-second-header-switch":"hidden","header-elements-contact-clock-second-header-switch":"hidden","header-elements-login-second-header-switch":"in_menu","header-elements-text-second-header-switch":"hidden","header-elements-text-2-second-header-switch":"hidden","header-elements-text-3-second-header-switch":"hidden","header-elements-menu-second-header-switch":"in_menu","header-elements-soc_icons-second-header-switch":"in_menu","header-elements-search-second-header-switch":"near_logo","general-side_content_paddings":30,"general-switch_content_paddings":768,"general-mobile_side_content_paddings":30,"header-classic-icons_style":"bold","header-inline-icons_style":"bold","header-split-icons_style":"bold","header-side-icons_style":"bold","header-slide_out-icons_style":"bold","header-overlay-icons_style":"bold","content-secondary_text_color":"#999999","header-classic-elements-near_menu_right-padding-top":0,"header-classic-elements-near_menu_right-padding-bottom":0,"header-classic-elements-near_logo_left-padding-top":0,"header-classic-elements-near_logo_left-padding-bottom":0,"header-classic-elements-near_logo_right-padding-top":0,"header-classic-elements-near_logo_right-padding-bottom":0,"header-inline-elements-near_menu_right-padding-top":0,"header-inline-elements-near_menu_right-padding-bottom":0,"header-split-elements-near_menu_left-padding-top":0,"header-split-elements-near_menu_left-padding-bottom":0,"header-split-elements-near_menu_right-padding-top":0,"header-split-elements-near_menu_right-padding-bottom":0,"header-slide_out-elements-top_line-padding-top":0,"header-slide_out-elements-top_line-padding-bottom":0,"header-overlay-elements-top_line-padding-top":0,"header-overlay-elements-top_line-padding-bottom":0,"header-classic-menu-margin-top":0,"header-classic-menu-margin-bottom":0,"header-menu_icon-size":"small","header-menu_icon-bg-size":54,"header-menu-decoration-underline-line_size":"2","header-menu-decoration-other-line_size":"4","header-elements-search-on-desktops":"show","header-elements-search-first-header-switch":"near_logo","header-elements-contact-address-on-desktops":"show","header-elements-contact-address-first-header-switch":"near_logo","header-elements-contact-phone-on-desktops":"show","header-elements-contact-phone-first-header-switch":"near_logo","header-elements-contact-email-on-desktops":"show","header-elements-contact-email-first-header-switch":"near_logo","header-elements-contact-skype-on-desktops":"show","header-elements-contact-skype-first-header-switch":"near_logo","header-elements-contact-clock-on-desktops":"show","header-elements-contact-clock-first-header-switch":"near_logo","header-elements-login-on-desktops":"show","header-elements-login-first-header-switch":"near_logo","header-elements-text-on-desktops":"show","header-elements-text-first-header-switch":"near_logo","header-elements-text-2-on-desktops":"show","header-elements-text-2-first-header-switch":"near_logo","header-elements-text-3-on-desktops":"show","header-elements-text-3-first-header-switch":"near_logo","header-elements-menu-on-desktops":"show","header-elements-menu-first-header-switch":"near_logo","header-elements-menu-style":"dropdown","header-elements-soc_icons-on-desktops":"show","header-elements-soc_icons-first-header-switch":"near_logo","general-page_content_top_margin":70,"general-page_content_bottom_margin":70,"dividers-color":"#cccccc","dividers-opacity":50,"general-filter_style-minimal-border_radius":100,"general-filter_style-material-line_size":2,"general-navigation_margin":50,"blog-fancy_date-style":"circle","post-show_fancy_date":"1","post-show_fancy_categories":"1","blog-thumbnail_size":"resize","blog-thumbnail_proportions":{"width":2,"height":1},"general-post_back_button_target_page_id":834,"general-project_back_button_target_page_id":0,"modules-portfolio-status":"enabled","modules-testimonials-status":"enabled","modules-team-status":"enabled","modules-logos-status":"enabled","modules-benefits-status":"enabled","modules-albums-status":"enabled","modules-slideshow-status":"enabled","bottom_bar-enabled":"1","sidebar-distance_to_content":50,"sidebar-responsiveness":970},"wp_settings":{"show_on_front":"page","page_on_front":"834","page_for_posts":"0"},"widgets_settings":{"widget_archives":{"2":{"title":"","count":0,"dropdown":0},"_multiwidget":1},"widget_meta":{"2":{"title":""},"_multiwidget":1},"widget_search":{"2":{"title":""},"_multiwidget":1},"widget_text":{"2":{"title":"","text":"<a href=\"http:\/\/themeforest.net\/item\/the7-responsive-multipurpose-wordpress-theme\/5556590?ref=Dream-Theme\" target=\"_blank\"><img width=\"272\" style=\"margin: 5px 10px 0px 0px;max-width: 100%\" src=\"http:\/\/the7.io\/news\/wp-content\/uploads\/sites\/5\/2017\/03\/news-banner-001.jpg\"><\/a>\r\n<a href=\"http:\/\/support.dream-theme.com\" target=\"_blank\"><img width=\"272\" style=\"margin: 10px 10px 0px 0px;max-width: 100%\" src=\"http:\/\/the7.io\/news\/wp-content\/uploads\/sites\/5\/2017\/03\/news-banner-002.jpg\"><\/a>","filter":false},"_multiwidget":1},"widget_categories":{"2":{"title":"","count":0,"hierarchical":0,"dropdown":0},"_multiwidget":1},"widget_recent-posts":{"2":{"title":"","number":5},"_multiwidget":1},"widget_recent-comments":{"2":{"title":"","number":5},"3":{"title":"Recent comments","number":5},"_multiwidget":1},"widget_presscore-contact-info-widget":{"2":{"title":"Contact info","text":"Ut enim ad minima veniam, quis nostrum exercitationem ullat laboriosam, nisi ut aliquid ex ea commodi consequatur.","links":{"facebook":"https:\/\/www.facebook.com\/WordPress.Premium.Theme","twitter":"https:\/\/twitter.com\/premium_theme","google":"","dribbble":"","you-tube":"","rss":"","delicious":"","flickr":"","forrst":"","lastfm":"","linkedin":"","vimeo":"","tumbler":"","pinterest":"https:\/\/www.pinterest.com\/dreamtheme\/","devian":"","skype":"","github":"","instagram":"","stumbleupon":"","behance":"","mail":"","website":"","px-500":"","tripedvisor":"","vk":"","foursquare":"","xing":"","weibo":"","odnoklassniki":"","research-gate":"","yelp":"","blogger":"","soundcloud":""},"fields":[{"title":"Phone number:","content":"+12 345 67 00 89"},{"title":"E-mail:","content":"yourname@your-site.com"}]},"_multiwidget":1},"widget_presscore-custom-menu-1":{"3":{"title":"Blog categories","menu":"37"},"_multiwidget":1},"widget_presscore-blog-posts":{"2":{"title":"Recent posts","order":"DESC","orderby":"date","show":5,"select":"all","cats":[],"thumbnails":1,"round_images":0,"images_dimensions":{"w":60,"h":60}},"_multiwidget":1},"widget_presscore-contact-form-widget":{"2":{"title":"Get in touch!","text":"","fields":{"name":{"on":true,"required":true},"email":{"on":true,"required":true},"telephone":{"on":false,"required":false},"country":{"on":false,"required":false},"city":{"on":false,"required":false},"company":{"on":false,"required":false},"website":{"on":false,"required":false},"message":{"on":true,"required":false}},"send_to":"","msg_height":3,"button_size":"m","button_title":""},"_multiwidget":1},"sidebars_widgets":{"orphaned_widgets_1":["recent-posts-2","recent-comments-2","archives-2","categories-2","meta-2"],"wp_inactive_widgets":["9022","9022"],"sidebar_1":["search-2","presscore-blog-posts-2","recent-comments-3"],"sidebar_2":["text-2","presscore-custom-menu-1-3","presscore-contact-info-widget-2","presscore-contact-form-widget-2"],"array_version":3}},"nav_menu_locations":{"primary":37,"top":0,"bottom":33},"ultimate_selected_google_fonts":[],"ultimate_icon_fonts":[],"revolution_sliders":[],"vc_settings":{"use_custom":"1","vc_color":"#f7f7f7","vc_color_hover":"#F0F0F0","vc_color_call_to_action_bg":"","vc_color_google_maps_bg":"","vc_color_post_slider_caption_bg":"","vc_color_progress_bar_bg":"","vc_color_separator_border":"","vc_color_tab_bg":"","vc_color_tab_bg_active":"","margin":"0px","gutter":"50","responsive_max":"768"}}