{"schema":{"folders":{"ultimate_icon_fonts":"Ultimate_VC_Addons\/icon-fonts"}},"theme_options":{"general-content_width":"1300px","general-layout":"wide","general-box_width":"1280px","general-boxed_bg_color":"#f6f6f6","general-boxed_bg_image":{"image":"","repeat":"no-repeat","position_x":"center","position_y":"center"},"general-boxed_bg_fullscreen":"1","general-boxed_bg_fixed":"1","general-bg_color":"#ffffff","general-bg_opacity":100,"general-bg_image":{"image":"","repeat":"repeat","position_x":"center","position_y":"top"},"general-bg_fullscreen":false,"general-bg_fixed":false,"general-content_boxes_bg_color":"#f6f6f6","general-content_boxes_bg_opacity":100,"general-content_boxes_decoration":"none","general-content_boxes_decoration_outline_color":"#3a3a3a","general-content_boxes_decoration_outline_opacity":13,"general-filter_style":"minimal","general-filter-font-family":"Raleway:700","general-filter-font-size":13,"general-filter_ucase":false,"general-filter-padding-top":6,"general-filter-padding-right":15,"general-filter-padding-bottom":6,"general-filter-padding-left":16,"general-filter-margin-top":0,"general-filter-margin-right":5,"general-filter-margin-bottom":0,"general-filter-margin-left":0,"content-headers_color":"#3a3a3a","content-primary_text_color":"#7e7e7e","general-accent_color_mode":"color","general-accent_bg_color":"#2cd3b4","general-accent_bg_color_gradient":["#2578e9","#3fe7d9"],"general-border_radius":0,"general-contact_form_style":"minimal","general-slideshow_bullets_style":"accent","general-beautiful_loading":"enabled","general-fullscreen_overlay_color_mode":"color","general-fullscreen_overlay_color":"#ffffff","general-fullscreen_overlay_gradient":["#8224e3","#dd3333"],"general-fullscreen_overlay_opacity":100,"general-spinner_color":"#2ed3b4","general-spinner_opacity":100,"general-loader_style":"double_circles","general-custom_loader":"","general-custom_css":"","general-responsive":"1","general-responsiveness-treshold":970,"general-hd_images":"srcset_based","general-smooth_scroll":"off","general-hide_plugins_notifications":"1","header-layout":"classic","header-classic-show_elements":"1","header-classic-elements":{"top_bar_left":["custom_menu"],"top_bar_right":["search","social_icons"],"near_logo_left":["working_hours"],"near_logo_right":["phone","email"]},"header-classic-elements-near_menu_right-padding-right":0,"header-classic-elements-near_menu_right-padding-left":40,"header-classic-elements-near_logo_left-padding-right":0,"header-classic-elements-near_logo_left-padding-left":0,"header-classic-elements-near_logo_right-padding-right":0,"header-classic-elements-near_logo_right-padding-left":0,"header-inline-show_elements":"1","header-inline-elements":{"top_bar_left":["phone","email","address"],"top_bar_right":["social_icons"],"near_menu_right":["cart","search"]},"header-inline-elements-near_menu_right-padding-right":0,"header-inline-elements-near_menu_right-padding-left":2,"header-split-show_elements":"1","header-split-elements":{"near_menu_left":["search"],"near_menu_right":["cart"]},"header-split-elements-near_menu_left-padding-right":20,"header-split-elements-near_menu_left-padding-left":20,"header-split-elements-near_menu_right-padding-right":20,"header-split-elements-near_menu_right-padding-left":20,"header-side-show_elements":"1","header-side-elements":{"below_menu":["social_icons","email","skype"]},"header-side-elements-below_menu-padding-top":0,"header-side-elements-below_menu-padding-right":35,"header-side-elements-below_menu-padding-bottom":0,"header-side-elements-below_menu-padding-left":35,"header-slide_out-show_elements":"1","header-slide_out-elements":{"side_top_line":["phone","email","skype"]},"header-slide_out-elements-top_line-padding-right":40,"header-slide_out-elements-top_line-padding-left":40,"header-slide_out-elements-below_menu-padding-top":0,"header-slide_out-elements-below_menu-padding-right":0,"header-slide_out-elements-below_menu-padding-bottom":0,"header-slide_out-elements-below_menu-padding-left":0,"header-overlay-show_elements":"1","header-overlay-elements":{"below_menu":["search","cart"],"side_top_line":["social_icons","text_area","phone"]},"header-overlay-elements-top_line-padding-right":40,"header-overlay-elements-top_line-padding-left":40,"header-overlay-elements-below_menu-padding-top":0,"header-overlay-elements-below_menu-padding-right":0,"header-overlay-elements-below_menu-padding-bottom":0,"header-overlay-elements-below_menu-padding-left":0,"header-classic-logo-position":"center","header-classic-menu-position":"justify","header-classic-height":200,"header-classic-is_fullwidth":"0","header-inline-menu-position":"justify","header-inline-height":120,"header-inline-is_fullwidth":"0","header-split-menu-position":"outside","header-split-height":100,"header-split-is_fullwidth":"0","header-side-position":"right","header-side-width":"300px","header-side-content-width":"300px","header-side-content-position":"center","header-side-content-padding-top":50,"header-side-content-padding-right":0,"header-side-content-padding-bottom":40,"header-side-content-padding-left":0,"header-side-menu-position":"v_top","header-side-logo-position":"inside","header-side-menu-padding-top":50,"header-side-menu-padding-bottom":50,"header-side-menu-items_alignment":"center","header-side-menu-items_link":"fullwidth","header-slide_out-layout":"menu_icon","header-slide_out-layout-menu_icon-show_floating_logo":"1","header-slide_out-layout-top_line-height":90,"header-slide_out-layout-top_line-is_fullwidth":"1","header-slide_out-layout-top_line-logo-position":"left","header-slide_out-layout-side_line-width":60,"header-slide_out-layout-side_line-position":"under","header-slide_out-position":"left","header-slide_out-overlay-animation":"fade","header-slide_out-width":"400px","header-slide_out-content-width":"350px","header-slide_out-content-position":"center","header-slide_out-content-padding-top":50,"header-slide_out-content-padding-right":0,"header-slide_out-content-padding-bottom":50,"header-slide_out-content-padding-left":0,"header-slide_out-menu-position":"v_top","header-slide_out-logo-position":"fully_inside","header-slide_out-menu-padding-top":40,"header-slide_out-menu-padding-bottom":40,"header-slide_out-menu-items_alignment":"center","header-slide_out-menu-items_link":"fullwidth","header-overlay-layout":"menu_icon","header-overlay-layout-menu_icon-show_floating_logo":"1","header-overlay-layout-top_line-height":130,"header-overlay-layout-top_line-is_fullwidth":"0","header-overlay-layout-top_line-logo-position":"left","header-overlay-layout-side_line-width":60,"header-overlay-content-width":"300px","header-overlay-content-position":"center","header-overlay-content-padding-top":0,"header-overlay-content-padding-right":0,"header-overlay-content-padding-bottom":0,"header-overlay-content-padding-left":0,"header-overlay-menu-position":"v_center","header-overlay-logo-position":"fully_inside","header-overlay-menu-padding-top":40,"header-overlay-menu-padding-bottom":40,"header-overlay-menu-items_alignment":"center","header-overlay-menu-items_link":"fullwidth","top_bar-font-family":"Open Sans:600","top_bar-font-size":12,"top_bar-font-is_capitalized":false,"top_bar-font-color":"#ffffff","top_bar-paddings-top":5,"top_bar-paddings-bottom":5,"top_bar-paddings-horizontal":0,"top_bar-bg-style":"solid","top_bar-bg-color":"#303135","top_bar-bg-opacity":100,"top_bar-bg-image":{"image":"","repeat":"repeat","position_x":"center","position_y":"center"},"header-bg-color":"#ffffff","header-bg-opacity":100,"header-bg-image":{"image":"","repeat":"repeat","position_x":"center","position_y":"center"},"header-bg-is_fullscreen":false,"header-bg-is_fixed":false,"header-decoration":"line","header-decoration-color":"#3a3a3a","header-decoration-opacity":13,"header-classic-menu-bg-style":"fullwidth_line","header-classic-menu-bg-color":"#3a3a3a","header-classic-menu-bg-opacity":13,"header-menu_icon-color":"#000000","header-menu_icon-bg-color":"#ffffff","header-menu_icon-bg-opacity":75,"header-menu_icon-hover-color":"#000000","header-menu_icon-hover-bg-color":"#ffffff","header-menu_icon-hover-bg-opacity":75,"header-menu_icon-margin-top":0,"header-menu_icon-margin-right":0,"header-menu_icon-margin-bottom":0,"header-menu_icon-margin-left":0,"header-menu_icon-bg-border-radius":0,"header-mixed-decoration":"disabled","header-mixed-decoration-color":"#dd9933","header-mixed-decoration-opacity":100,"header-mixed-bg-color":"#ffffff","header-mixed-bg-opacity":100,"header-slide_out-overlay-bg-color-style":"color","header-slide_out-overlay-bg-color":"#000000","header-slide_out-overlay-bg-gradient":["#cdb7e2","#821482"],"header-slide_out-overlay-bg-opacity":50,"header-slide_out-overlay-blur":"0","header-slide_out-overlay-x_cursor":"1","header-slide_out-overlay-x_cursor-color":"#ffffff","header-slide_out-overlay-x_cursor-opacity":100,"header-menu-font-family":"Raleway:700","header-menu-font-size":15,"header-menu-font-is_capitalized":"1","header-menu-subtitle-font-family":"Arial:400italic","header-menu-subtitle-font-size":11,"header-menu-font-color":"#3a3a3a","header-menu-hover-font-color-style":"accent","header-menu-hover-font-color":"#ffffff","header-menu-hover-font-gradient":["#8224e3","#751257"],"header-menu-active_item-font-color-style":"accent","header-menu-active_item-font-color":"#ffffff","header-menu-active_item-font-gradient":["#ffffff","#000000"],"header-menu-icon-size":14,"header-menu-show_next_lvl_icons":"1","header-menu-item-padding-top":21,"header-menu-item-padding-right":5,"header-menu-item-padding-bottom":18,"header-menu-item-padding-left":5,"header-menu-item-margin-top":0,"header-menu-item-margin-right":0,"header-menu-item-margin-bottom":0,"header-menu-item-margin-left":0,"header-menu-item-surround_margins-style":"regular","header-menu-item-surround_margins-custom-margin":30,"header-menu-decoration-other-links-is_justified":"1","header-menu-show_dividers":"1","header-menu-dividers-height-style":"full","header-menu-dividers-height":20,"header-menu-dividers-surround":"1","header-menu-dividers-color":"#3a3a3a","header-menu-dividers-opacity":12,"header-menu-decoration-style":"other","header-menu-decoration-underline-direction":"left_to_right","header-menu-decoration-underline-color-style":"accent","header-menu-decoration-underline-color":"#ffffff","header-menu-decoration-underline-gradient":["#ffffff","#000000"],"header-menu-decoration-other-hover-style":"background","header-menu-decoration-other-hover-color-style":"color","header-menu-decoration-other-hover-color":"#ffffff","header-menu-decoration-other-hover-gradient":["#ffffff","#000000"],"header-menu-decoration-other-opacity":0,"header-menu-decoration-other-hover-line":"1","header-menu-decoration-other-hover-line-color-style":"accent","header-menu-decoration-other-hover-line-color":"#dd3333","header-menu-decoration-other-hover-line-gradient":["#ffffff","#000000"],"header-menu-decoration-other-hover-line-opacity":100,"header-menu-decoration-other-active-style":"background","header-menu-decoration-other-active-color-style":"color","header-menu-decoration-other-active-color":"#ffffff","header-menu-decoration-other-active-gradient":["#ffffff","#000000"],"header-menu-decoration-other-active-opacity":0,"header-menu-decoration-other-active-line":"1","header-menu-decoration-other-active-line-color-style":"accent","header-menu-decoration-other-active-line-color":"#8224e3","header-menu-decoration-other-active-line-gradient":["#dd3333","#81d742"],"header-menu-decoration-other-active-line-opacity":100,"header-menu-decoration-other-click_decor":"1","header-menu-decoration-other-click_decor-color-style":"accent","header-menu-decoration-other-click_decor-color":"#ffffff","header-menu-decoration-other-click_decor-gradient":["#ffffff","#000000"],"header-menu-decoration-other-click_decor-opacity":15,"header-menu-decoration-other-border-radius":0,"header-menu-submenu-font-family":"Open Sans:600","header-menu-submenu-font-size":12,"header-menu-submenu-font-is_uppercase":false,"header-menu-submenu-subtitle-font-family":"Arial:400italic","header-menu-submenu-subtitle-font-size":10,"header-menu-submenu-font-color":"#ffffff","header-menu-submenu-hover-font-color-style":"color","header-menu-submenu-hover-font-color":"#ffffff","header-menu-submenu-hover-font-gradient":["#81d742","#eeee22"],"header-menu-submenu-active-font-color-style":"accent","header-menu-submenu-active-font-color":"#ffffff","header-menu-submenu-active-font-gradient":["#8224e3","#dd3333"],"header-menu-submenu-icon-size":12,"header-menu-submenu-show_next_lvl_icons":"1","header-menu-submenu-parent_is_clickable":"1","header-menu-submenu-item-padding-top":10,"header-menu-submenu-item-padding-right":10,"header-menu-submenu-item-padding-bottom":10,"header-menu-submenu-item-padding-left":10,"header-menu-submenu-item-margin-top":0,"header-menu-submenu-item-margin-right":0,"header-menu-submenu-item-margin-bottom":0,"header-menu-submenu-item-margin-left":0,"header-menu-submenu-bg-color":"#303135","header-menu-submenu-bg-opacity":100,"header-menu-submenu-bg-width":250,"header-menu-submenu-bg-hover":"animated_background","header-side-menu-submenu-position":"down","header-elements-near_menu-font_family":"Open Sans:700","header-elements-near_menu-font_size":14,"header-elements-near_menu-font_color":"#3a3a3a","header-elements-near_logo-font_family":"Open Sans:700","header-elements-near_logo-font_size":14,"header-elements-near_logo-font_color":"#3a3a3a","header-elements-search-caption":"Search","header-elements-search-icon":"1","header-elements-contact-address-caption":"8500 Beverly Boulevard Los Angeles, CA 90048","header-elements-contact-address-icon":"1","header-elements-contact-phone-caption":"011 322 44 56","header-elements-contact-phone-icon":"1","header-elements-contact-email-caption":"sales@yoursite.com","header-elements-contact-email-icon":"1","header-elements-contact-skype-caption":"Your_Skype","header-elements-contact-skype-icon":"1","header-elements-contact-clock-caption":"Monday \u2013 Friday 10 AM \u2013 8 PM","header-elements-contact-clock-icon":"1","header-elements-login-caption":"Login","header-elements-logout-caption":"Logout","header-elements-login-icon":"1","header-elements-login-url":"http:\/\/themeforest.net","header-elements-text":"The7.3 - the most advanced The7 ever ;-)\r\n","header-elements-text-2":"Some call to action text goes here!","header-elements-text-3":"Some call to action text goes here!","header-elements-soc_icons-color":"#ffffff","header-elements-soc_icons-bg":"accent","header-elements-soc_icons-bg-color":"#ffffff","header-elements-soc_icons-bg-opacity":100,"header-elements-soc_icons-bg-gradient":["#ffffff","#000000"],"header-elements-soc_icons-hover-color":"#23c4a7","header-elements-soc_icons-hover-bg":"outline","header-elements-soc_icons-hover-bg-color":"#23c4a7","header-elements-soc_icons-bg-hover-opacity":100,"header-elements-soc_icons-hover-bg-gradient":["#ffffff","#000000"],"header-elements-soc_icons":[{"icon":"facebook","url":""},{"icon":"facebook","url":"\/"},{"icon":"twitter","url":"\/"},{"icon":"google","url":"\/"},{"icon":"dribbble","url":"\/"}],"header-show_floating_navigation":"1","header-floating_navigation-style":"slide","header-floating_navigation-show_after":240,"header-floating_navigation-height":60,"header-floating_navigation-bg-color":"#ffffff","header-floating_navigation-bg-opacity":100,"header-floating_navigation-decoration":"line","header-floating_navigation-decoration-color":"#3a3a3a","header-floating_navigation-decoration-opacity":13,"header-mobile-first_switch-after":950,"header-mobile-first_switch-layout":"right_left","header-mobile-first_switch-height":80,"header-mobile-second_switch-after":650,"header-mobile-second_switch-layout":"right_left","header-mobile-second_switch-height":60,"header-mobile-floating_navigation":"menu_icon","header-mobile-menu-font-family":"Raleway:700","header-mobile-menu-font-size":15,"header-mobile-menu-font-is_capitalized":"1","header-mobile-submenu-font-family":"Open Sans:600","header-mobile-submenu-font-size":14,"header-mobile-submenu-font-is_capitalized":false,"header-mobile-menu-font-color":"#3a3a3a","header-mobile-menu-font-hover-color-style":"accent","header-mobile-menu-font-hover-color":"#3c3e45","header-mobile-menu-font-hover-gradient":["#b78ce2","#1e73be"],"header-mobile-menu-bg-color":"#ffffff","header-mobile-menu-bg-opacity":100,"header-mobile-menu-bg-width":340,"header-mobile-menu-align":"right","header-logo_regular":["\/wp-content\/uploads\/sites\/2\/2017\/03\/7bus.png",15109],"header-logo_hd":["\/wp-content\/uploads\/sites\/2\/2017\/03\/7business-hd.png",15113],"header-logo-padding-top":0,"header-logo-padding-right":0,"header-logo-padding-bottom":0,"header-logo-padding-left":0,"header-style-transparent-logo_regular":["",0],"header-style-transparent-logo_hd":["",0],"header-style-transparent-logo-padding-top":0,"header-style-transparent-logo-padding-right":0,"header-style-transparent-logo-padding-bottom":0,"header-style-transparent-logo-padding-left":0,"header-style-mixed-logo_regular":["",0],"header-style-mixed-logo_hd":["",0],"header-style-mixed-logo-padding-top":0,"header-style-mixed-logo-padding-right":0,"header-style-mixed-logo-padding-bottom":0,"header-style-mixed-logo-padding-left":0,"header-style-floating-choose_logo":"none","header-style-floating-logo_regular":["",0],"header-style-floating-logo_hd":["",0],"header-style-floating-logo-padding-top":0,"header-style-floating-logo-padding-right":0,"header-style-floating-logo-padding-bottom":0,"header-style-floating-logo-padding-left":0,"header-mobile-first_switch-logo":"desktop","header-mobile-second_switch-logo":"mobile","header-style-mobile-logo_regular":["\/wp-content\/uploads\/sites\/2\/2017\/03\/7bus-m.png",15112],"header-style-mobile-logo_hd":["\/wp-content\/uploads\/sites\/2\/2017\/03\/7bus-m-hd.png",15111],"header-style-mobile-logo-padding-top":0,"header-style-mobile-logo-padding-right":0,"header-style-mobile-logo-padding-bottom":0,"header-style-mobile-logo-padding-left":0,"bottom_bar-logo_regular":["\/wp-content\/uploads\/sites\/2\/2017\/03\/7bus-bot.png",15115],"bottom_bar-logo_hd":["\/wp-content\/uploads\/sites\/2\/2017\/03\/7bus-bot-hd.png",15114],"bottom_bar-logo-padding-top":10,"bottom_bar-logo-padding-right":14,"bottom_bar-logo-padding-bottom":10,"bottom_bar-logo-padding-left":0,"general-favicon":"\/wp-content\/uploads\/sites\/2\/2016\/01\/the7-new-fav1.gif","general-favicon_hd":"\/wp-content\/uploads\/sites\/2\/2016\/01\/the7-new-fav-hd1.gif","general-handheld_icon-old_iphone":"","general-handheld_icon-old_ipad":"","general-handheld_icon-retina_iphone":"","general-handheld_icon-retina_ipad":"","bottom_bar-copyrights":"","bottom_bar-credits":"1","stripes-stripe_1_color":"#f6f6f6","stripes-stripe_1_bg_image":{"image":"","repeat":"repeat","position_x":"center","position_y":"center"},"stripes-stripe_1_outline":"show","stripes-stripe_1_outline_color":"#3a3a3a","stripes-stripe_1_outline_opacity":8,"stripes-stripe_1_content_boxes_bg_color":"#ffffff","stripes-stripe_1_content_boxes_bg_opacity":0,"stripes-stripe_1_content_boxes_decoration":"outline","stripes-stripe_1_content_boxes_decoration_outline_color":"#3a3a3a","stripes-stripe_1_content_boxes_decoration_outline_opacity":13,"stripes-stripe_1_headers_color":"#3a3a3a","stripes-stripe_1_text_color":"#7e7e7e","stripes-stripe_2_color":"#26282c","stripes-stripe_2_bg_image":{"image":"","repeat":"repeat","position_x":"center","position_y":"center"},"stripes-stripe_2_outline":"hide","stripes-stripe_2_outline_color":"#c1edaf","stripes-stripe_2_outline_opacity":100,"stripes-stripe_2_content_boxes_bg_color":"#26282c","stripes-stripe_2_content_boxes_bg_opacity":0,"stripes-stripe_2_content_boxes_decoration":"outline","stripes-stripe_2_content_boxes_decoration_outline_color":"#999d9f","stripes-stripe_2_content_boxes_decoration_outline_opacity":22,"stripes-stripe_2_headers_color":"#ffffff","stripes-stripe_2_text_color":"#999d9f","stripes-stripe_3_color":"#f7f7f7","stripes-stripe_3_bg_image":{"image":"\/inc\/presets\/images\/full\/skin09r.stripes-stripe-3-bg-image.jpg","repeat":"repeat","position_x":"center","position_y":"center"},"stripes-stripe_3_outline":"show","stripes-stripe_3_outline_color":"#3a3a3a","stripes-stripe_3_outline_opacity":11,"stripes-stripe_3_content_boxes_bg_color":"#FFFFFF","stripes-stripe_3_content_boxes_bg_opacity":100,"stripes-stripe_3_content_boxes_decoration":"outline","stripes-stripe_3_content_boxes_decoration_outline_color":"#3a3a3a","stripes-stripe_3_content_boxes_decoration_outline_opacity":15,"stripes-stripe_3_headers_color":"#3a3a3a","stripes-stripe_3_text_color":"#3a3a3a","sidebar-width":"350px","sidebar-vertical_distance":80,"sidebar-visual_style":"with_dividers","sidebar-divider-vertical":"1","sidebar-divider-horizontal":"1","sidebar-bg_color":"#ffffff","sidebar-bg_opacity":0,"sidebar-bg_image":{"image":"","repeat":"repeat","position_x":"center","position_y":"center"},"sidebar-decoration":"outline","sidebar-decoration_outline_color":"#3a3a3a","sidebar-decoration_outline_opacity":13,"sidebar-headers_color":"#3a3a3a","sidebar-primary_text_color":"#7e7e7e","footer-style":"solid_background","footer-bg_color":"#26282c","footer-bg_opacity":100,"footer-decoration":"none","footer-decoration_outline_color":"#81d742","footer-decoration_outline_opacity":96,"footer-bg_image":{"image":"","repeat":"repeat","position_x":"center","position_y":"top"},"footer-slide-out-mode":"0","footer-headers_color":"#ffffff","footer-primary_text_color":"#999d9f","footer-padding-top":40,"footer-padding-bottom":0,"footer-paddings-columns":25,"footer-layout":"1\/3+1\/3+1\/3","footer-collapse_after":768,"bottom_bar-style":"solid_background","bottom_bar-bg_color":"#303135","bottom_bar-bg_opacity":100,"bottom_bar-bg_image":{"image":"","repeat":"repeat","position_x":"center","position_y":"top"},"bottom_bar-color":"#ffffff","bottom_bar-text":"","general-show_author_in_blog":"1","general-next_prev_in_blog":"1","general-show_back_button_in_post":"1","general-blog_meta_on":"1","general-blog_meta_date":"1","general-blog_meta_author":"1","general-blog_meta_categories":"1","general-blog_meta_comments":"1","general-blog_meta_tags":"1","general-show_rel_posts":"1","general-rel_posts_head_title":"Related posts","general-rel_posts_max":6,"general-next_prev_in_portfolio":"1","general-show_back_button_in_project":"1","general-portfolio_meta_on":"1","general-portfolio_meta_date":"1","general-portfolio_meta_author":"1","general-portfolio_meta_categories":"1","general-portfolio_meta_comments":"1","general-show_rel_projects":"1","general-rel_projects_head_title":"Related projects","general-rel_projects_title":"1","general-rel_projects_excerpt":false,"general-rel_projects_info_date":false,"general-rel_projects_info_author":false,"general-rel_projects_info_comments":false,"general-rel_projects_info_categories":"1","general-rel_projects_link":"1","general-rel_projects_zoom":"1","general-rel_projects_details":"1","general-rel_projects_max":12,"general-rel_projects_fullwidth_height":215,"general-rel_projects_fullwidth_width_style":"fixed","general-rel_projects_fullwidth_width":215,"general-rel_projects_height":150,"general-rel_projects_width_style":"fixed","general-rel_projects_width":150,"general-next_prev_in_album":"1","general-show_back_button_in_album":"0","general-album_meta_on":"1","general-album_meta_date":"1","general-album_meta_author":false,"general-album_meta_categories":"1","general-album_meta_comments":false,"general-title_align":"center","general-title_height":200,"page_title-padding-top":0,"page_title-padding-bottom":0,"general-show_titles":"1","general-title_size":"h2","general-title_color":"#3a3a3a","general-show_breadcrumbs":"1","general-breadcrumbs_color":"#bbbbbb","general-breadcrumbs_bg_color":"disabled","general-title_bg_mode":"background","header-background":"normal","header-transparent_bg_color":"#ffffff","header-transparent_bg_opacity":100,"page_title-background-style-transparent-color_scheme":"light","general-title_bg_color":"#f6f6f6","general-title_bg_opacity":100,"general-title_decoration":"none","general-title_decoration_outline_color":"#3a3a3a","general-title_decoration_outline_opacity":8,"general-title_bg_gradient":["#4a66d6","#12b4ea"],"general-title_bg_image":{"image":"","repeat":"no-repeat","position_x":"center","position_y":"center"},"general-title_bg_fullscreen":false,"general-title_bg_fixed":false,"general-title_bg_parallax":"","fonts-font_family":"Open Sans","fonts-big_size":14,"fonts-big_size_line_height":26,"fonts-normal_size":13,"fonts-normal_size_line_height":25,"fonts-small_size":12,"fonts-small_size_line_height":24,"fonts-h1_font_family":"Raleway:700","fonts-h1_font_size":48,"fonts-h1_line_height":58,"fonts-h1_uppercase":false,"fonts-h2_font_family":"Raleway:700","fonts-h2_font_size":34,"fonts-h2_line_height":44,"fonts-h2_uppercase":false,"fonts-h3_font_family":"Raleway:700","fonts-h3_font_size":24,"fonts-h3_line_height":34,"fonts-h3_uppercase":false,"fonts-h4_font_family":"Raleway:700","fonts-h4_font_size":20,"fonts-h4_line_height":30,"fonts-h4_uppercase":false,"fonts-h5_font_family":"Raleway:700","fonts-h5_font_size":16,"fonts-h5_line_height":26,"fonts-h5_uppercase":false,"fonts-h6_font_family":"Raleway:700","fonts-h6_font_size":14,"fonts-h6_line_height":24,"fonts-h6_uppercase":false,"buttons-style":"flat","buttons-color_mode":"accent","buttons-color":"#81d742","buttons-color_gradient":["#dd3333","#3a892a"],"buttons-hover_color_mode":"color","buttons-hover_color":"#27b99e","buttons-hover_color_gradient":["#cc4789","#e57544"],"buttons-text_color_mode":"color","buttons-text_color":"#ffffff","buttons-text_hover_color_mode":"color","buttons-text_hover_color":"#ebebeb","buttons-s_font_family":"Open Sans:700","buttons-s_font_size":12,"buttons-s_uppercase":false,"buttons-s_line_height":30,"buttons-s_border_radius":0,"buttons-m_font_family":"Open Sans:700","buttons-m_font_size":14,"buttons-m_uppercase":false,"buttons-m_line_height":38,"buttons-m_border_radius":0,"buttons-l_font_family":"Open Sans:700","buttons-l_font_size":18,"buttons-l_uppercase":false,"buttons-l_line_height":50,"buttons-l_border_radius":0,"image_hover-style":"none","image_hover-onclick_animation":"1","image_hover-default_icon":"none","image_hover-color_mode":"color","image_hover-color":"#ffffff","image_hover-color_gradient":["#000000","#303030"],"image_hover-opacity":30,"image_hover-project_icons_style":"accent","image_hover-album_miniatures_style":"style_2","image_hover-project_rollover_color_mode":"color","image_hover-project_rollover_color":"#000000","image_hover-project_rollover_color_gradient":["#6ae5e6","#1190c9"],"image_hover-project_rollover_opacity":30,"social_buttons-visibility":"allways","social_buttons-post-button_title":"Share this post","social_buttons-post":[],"social_buttons-portfolio_post-button_title":"Share this post","social_buttons-portfolio_post":[],"social_buttons-photo-button_title":"Share this image","social_buttons-photo":[],"social_buttons-page-button_title":"Share this page","social_buttons-page":[],"widgetareas":{"1":{"sidebar_name":"Default Sidebar","sidebar_desc":"Sidebar primary widget area"},"2":{"sidebar_name":"Default Footer","sidebar_desc":"Footer primary widget area"}},"general-album_back_button_target_page_id":0,"header-elements-menu-style":"list","general-post_back_button_target_page_id":46,"general-project_back_button_target_page_id":9,"general-images_lazy_loading":"1","header-elements-contact-address-second-header-switch":"hidden","header-elements-contact-phone-second-header-switch":"in_menu","header-elements-contact-email-second-header-switch":"in_menu","header-elements-contact-skype-second-header-switch":"hidden","header-elements-contact-clock-second-header-switch":"in_menu","header-elements-login-second-header-switch":"in_menu","header-elements-text-second-header-switch":"hidden","header-elements-text-2-second-header-switch":"in_menu","header-elements-text-3-second-header-switch":"in_menu","header-elements-menu-second-header-switch":"hidden","header-elements-soc_icons-second-header-switch":"in_menu","header-elements-search-second-header-switch":"near_logo","general-side_content_paddings":50,"general-switch_content_paddings":768,"general-mobile_side_content_paddings":20,"header-classic-elements-near_menu_right-padding-top":0,"header-classic-elements-near_menu_right-padding-bottom":0,"header-classic-elements-near_logo_left-padding-top":0,"header-classic-elements-near_logo_left-padding-bottom":0,"header-classic-elements-near_logo_right-padding-top":0,"header-classic-elements-near_logo_right-padding-bottom":0,"header-inline-elements-near_menu_right-padding-top":0,"header-inline-elements-near_menu_right-padding-bottom":0,"header-split-elements-near_menu_left-padding-top":0,"header-split-elements-near_menu_left-padding-bottom":0,"header-split-elements-near_menu_right-padding-top":0,"header-split-elements-near_menu_right-padding-bottom":0,"header-slide_out-elements-top_line-padding-top":0,"header-slide_out-elements-top_line-padding-bottom":0,"header-overlay-elements-top_line-padding-top":0,"header-overlay-elements-top_line-padding-bottom":0,"header-classic-menu-margin-top":0,"header-classic-menu-margin-bottom":0,"header-elements-search-on-desktops":"show","header-elements-search-first-header-switch":"near_logo","header-elements-contact-address-on-desktops":"show","header-elements-contact-address-first-header-switch":"near_logo","header-elements-contact-phone-on-desktops":"show","header-elements-contact-phone-first-header-switch":"near_logo","header-elements-contact-email-on-desktops":"show","header-elements-contact-email-first-header-switch":"in_menu","header-elements-contact-skype-on-desktops":"show","header-elements-contact-skype-first-header-switch":"near_logo","header-elements-contact-clock-on-desktops":"show","header-elements-contact-clock-first-header-switch":"in_menu","header-elements-login-on-desktops":"show","header-elements-login-first-header-switch":"near_logo","header-elements-text-on-desktops":"show","header-elements-text-first-header-switch":"near_logo","header-elements-text-2-on-desktops":"show","header-elements-text-2-first-header-switch":"near_logo","header-elements-text-3-on-desktops":"show","header-elements-text-3-first-header-switch":"near_logo","header-elements-menu-on-desktops":"show","header-elements-menu-first-header-switch":"near_logo","header-elements-soc_icons-on-desktops":"show","header-elements-soc_icons-first-header-switch":"near_logo","header-classic-icons_style":"bold","header-inline-icons_style":"bold","header-split-icons_style":"bold","header-side-icons_style":"bold","header-slide_out-icons_style":"bold","header-overlay-icons_style":"bold","header-menu_icon-size":"small","header-menu_icon-bg-size":54,"header-menu-decoration-underline-line_size":"2","header-menu-decoration-other-line_size":"3","dividers-color":"#cccccc","dividers-opacity":50,"content-secondary_text_color":"#bbbbbb","general-filter_style-minimal-border_radius":100,"general-filter_style-material-line_size":2,"general-navigation_margin":40,"blog-fancy_date-style":"circle","post-show_fancy_date":"1","post-show_fancy_categories":"1","blog-thumbnail_size":"original","blog-thumbnail_proportions":{"width":3,"height":2},"modules-portfolio-status":"enabled","modules-testimonials-status":"enabled","modules-team-status":"enabled","modules-logos-status":"enabled","modules-benefits-status":"enabled","modules-albums-status":"enabled","modules-slideshow-status":"enabled","general-page_content_top_margin":70,"general-page_content_bottom_margin":70,"bottom_bar-enabled":"1","sidebar-distance_to_content":50,"sidebar-responsiveness":970},"wp_settings":{"show_on_front":"page","page_on_front":"834","page_for_posts":"0"},"widgets_settings":{"widget_archives":{"2":{"title":"","count":0,"dropdown":0},"_multiwidget":1},"widget_meta":{"2":{"title":""},"_multiwidget":1},"widget_search":{"2":{"title":""},"3":{"title":"Search"},"_multiwidget":1},"widget_categories":{"2":{"title":"","count":0,"hierarchical":0,"dropdown":0},"_multiwidget":1},"widget_recent-posts":{"2":{"title":"","number":5},"_multiwidget":1},"widget_recent-comments":{"2":{"title":"","number":5},"3":{"title":"Recent comments","number":4},"_multiwidget":1},"widget_presscore-contact-info-widget":{"2":{"title":"Contact info","text":"","links":{"facebook":"\/","twitter":"\/","google":"","dribbble":"\/","you-tube":"","rss":"","delicious":"","flickr":"","forrst":"","lastfm":"","linkedin":"","vimeo":"","tumbler":"","pinterest":"","devian":"","skype":"","github":"\/","instagram":"","stumbleupon":"","behance":"\/","mail":"","website":"","px-500":"","tripedvisor":"","vk":"","foursquare":"","xing":"","weibo":"","odnoklassniki":""},"fields":[{"title":"Location:","content":"8500 Beverly BoulevardLos Angeles, CA 90048"},{"title":"Phone numbers:","content":"+12 345 67 00 89, +12 987 00 65 43"},{"title":"E-mail:","content":"sales@your-site.com"}]},"_multiwidget":1},"widget_presscore-blog-posts":{"2":{"title":"Recent news","order":"DESC","orderby":"date","show":3,"select":"all","cats":[],"thumbnails":1,"round_images":0,"images_dimensions":{"w":70,"h":50}},"3":{"title":"Featured posts","order":"DESC","orderby":"date","show":6,"select":"only","cats":["3","7"],"thumbnails":1,"round_images":0,"images_dimensions":{"w":70,"h":50},"show_excerpts":0},"_multiwidget":1},"widget_presscore-contact-form-widget":{"2":{"title":"Contact us","text":"","fields":{"name":{"on":true,"required":true},"email":{"on":true,"required":true},"telephone":{"on":false,"required":false},"country":{"on":false,"required":false},"city":{"on":false,"required":false},"company":{"on":false,"required":false},"website":{"on":false,"required":false},"message":{"on":true,"required":false}},"send_to":"","msg_height":3,"button_size":"m","button_title":""},"_multiwidget":1},"widget_presscore-accordion-widget":{"2":{"title":"Our services","fields":[{"title":"Web Design","content":"Ullamcorper pellent desque condimentum dignissim laoreet consectetur rutrum ac. Nullam rutrum velit eget quam pretium vehicula porttitor odio non nunc laoreet."},{"title":"Photography","content":"Maecenas enim velit, euismod eu tempor sit amet, dictum at est. In placerat fringilla. Nullam velit nulla laoreet!"},{"title":"Marketing","content":"Lorem ipsum dolor enim velit, euismod eu tempor sit amet, dictum at est. In placerat fringilla. Nullam velit nulla laoreet amet."},{"title":"Programming","content":"Dolor pellent desque condimentum dignissim laoreet consectetur rutrum ac. Nullam rutrum velit eget quam pretium vehicula porttitor odio non nunc laoreet."}]},"_multiwidget":1},"widget_presscore-portfolio":{"2":{"title":"Recent Projects","order":"DESC","orderby":"date","select":"all","show":6,"cats":[],"max_width":120},"_multiwidget":1},"sidebars_widgets":{"orphaned_widgets_1":["search-2","recent-posts-2","recent-comments-2","archives-2","categories-2","meta-2"],"wp_inactive_widgets":["9022"],"sidebar_1":["search-3","presscore-blog-posts-3","recent-comments-3","presscore-portfolio-2","presscore-accordion-widget-2"],"sidebar_2":["presscore-blog-posts-2","presscore-contact-info-widget-2","presscore-contact-form-widget-2"],"array_version":3}},"nav_menu_locations":{"primary":0,"top":33,"bottom":33},"ultimate_selected_google_fonts":[{"font_family":"Raleway","font_name":"Raleway","variants":[{"variant_value":"100","variant_selected":"false"},{"variant_value":"100italic","variant_selected":"false"},{"variant_value":"200","variant_selected":"false"},{"variant_value":"200italic","variant_selected":"false"},{"variant_value":"300","variant_selected":"false"},{"variant_value":"300italic","variant_selected":"false"},{"variant_value":"italic","variant_selected":"false"},{"variant_value":"500","variant_selected":"false"},{"variant_value":"500italic","variant_selected":"false"},{"variant_value":"600","variant_selected":"false"},{"variant_value":"600italic","variant_selected":"false"},{"variant_value":"700","variant_selected":"true"},{"variant_value":"700italic","variant_selected":"false"},{"variant_value":"800","variant_selected":"false"},{"variant_value":"800italic","variant_selected":"false"},{"variant_value":"900","variant_selected":"false"},{"variant_value":"900italic","variant_selected":"false"}],"subsets":[{"subset_value":"latin-ext","subset_selected":"false"},{"subset_value":"latin","subset_selected":"false"}]}],"ultimate_icon_fonts":{"icomoon-font-awesome-14x14":{"include":"smile_fonts\/icomoon-font-awesome-14x14","folder":"smile_fonts\/icomoon-font-awesome-14x14","style":"icomoon-font-awesome-14x14\/icomoon-font-awesome-14x14.css","config":"charmap.php"}},"revolution_sliders":["dream-theme-the7-happy-people"],"vc_settings":{"use_custom":"1","vc_color":"#f7f7f7","vc_color_hover":"#F0F0F0","vc_color_call_to_action_bg":"","vc_color_google_maps_bg":"","vc_color_post_slider_caption_bg":"","vc_color_progress_bar_bg":"","vc_color_separator_border":"","vc_color_tab_bg":"","vc_color_tab_bg_active":"","margin":"0px","gutter":"50","responsive_max":"768"}}