{"schema":{"folders":{"ultimate_icon_fonts":"Ultimate_VC_Addons\/icon-fonts"}},"theme_options":{"general-content_width":"1300px","general-layout":"wide","general-box_width":"1280px","general-boxed_bg_color":"#ffffff","general-boxed_bg_image":{"image":"","repeat":"repeat","position_x":"center","position_y":"top"},"general-boxed_bg_fullscreen":false,"general-boxed_bg_fixed":false,"general-bg_color":"#ffffff","general-bg_opacity":100,"general-bg_image":{"image":"","repeat":"repeat","position_x":"center","position_y":"top"},"general-bg_fullscreen":false,"general-bg_fixed":false,"general-content_boxes_bg_color":"#f3f3f5","general-content_boxes_bg_opacity":100,"general-content_boxes_decoration":"none","general-content_boxes_decoration_outline_color":"#000000","general-content_boxes_decoration_outline_opacity":0,"general-filter_style":"minimal","general-filter-font-family":"Roboto Condensed:700","general-filter-font-size":14,"general-filter_ucase":"1","general-filter-padding-top":7,"general-filter-padding-right":14,"general-filter-padding-bottom":7,"general-filter-padding-left":14,"general-filter-margin-top":0,"general-filter-margin-right":5,"general-filter-margin-bottom":0,"general-filter-margin-left":0,"content-headers_color":"#222222","content-primary_text_color":"#666666","general-accent_color_mode":"color","general-accent_bg_color":"#ef524a","general-accent_bg_color_gradient":["#0ca2e0","#25dde4"],"general-border_radius":0,"general-contact_form_style":"minimal","general-slideshow_bullets_style":"transparent","general-beautiful_loading":"enabled","general-fullscreen_overlay_color_mode":"color","general-fullscreen_overlay_color":"#ffffff","general-fullscreen_overlay_gradient":["#8224e3","#dd3333"],"general-fullscreen_overlay_opacity":100,"general-spinner_color":"#ef524a","general-spinner_opacity":100,"general-loader_style":"square_jelly_box","general-custom_loader":"","general-custom_css":".classic-header .branding .mini-widgets {\r\nmargin: 15px 0 0 0;\r\n}","general-responsive":"1","general-responsiveness-treshold":990,"general-hd_images":"srcset_based","general-smooth_scroll":"off","general-hide_plugins_notifications":false,"header-layout":"classic","header-classic-show_elements":"1","header-classic-elements":{"top_bar_left":["custom_menu"],"top_bar_right":["social_icons"],"near_menu_right":["cart"],"near_logo_left":["text2_area"],"near_logo_right":["text3_area"]},"header-classic-elements-near_menu_right-padding-right":0,"header-classic-elements-near_menu_right-padding-left":15,"header-classic-elements-near_logo_left-padding-right":0,"header-classic-elements-near_logo_left-padding-left":0,"header-classic-elements-near_logo_right-padding-right":0,"header-classic-elements-near_logo_right-padding-left":0,"header-inline-show_elements":"1","header-inline-elements":{"top_bar_left":["phone","email"],"top_bar_right":["social_icons"],"near_menu_right":["cart","search"]},"header-inline-elements-near_menu_right-padding-right":30,"header-inline-elements-near_menu_right-padding-left":30,"header-split-show_elements":"1","header-split-elements":{"near_menu_left":["search"],"near_menu_right":["cart"]},"header-split-elements-near_menu_left-padding-right":20,"header-split-elements-near_menu_left-padding-left":20,"header-split-elements-near_menu_right-padding-right":20,"header-split-elements-near_menu_right-padding-left":20,"header-side-show_elements":"1","header-side-elements":{"below_menu":["social_icons","email","skype"]},"header-side-elements-below_menu-padding-top":0,"header-side-elements-below_menu-padding-right":35,"header-side-elements-below_menu-padding-bottom":0,"header-side-elements-below_menu-padding-left":35,"header-slide_out-show_elements":"1","header-slide_out-elements":{"side_top_line":["phone","email","skype"]},"header-slide_out-elements-top_line-padding-right":40,"header-slide_out-elements-top_line-padding-left":40,"header-slide_out-elements-below_menu-padding-top":0,"header-slide_out-elements-below_menu-padding-right":0,"header-slide_out-elements-below_menu-padding-bottom":0,"header-slide_out-elements-below_menu-padding-left":0,"header-overlay-show_elements":"1","header-overlay-elements":{"below_menu":["search","cart"],"side_top_line":["social_icons","text_area","phone"]},"header-overlay-elements-top_line-padding-right":40,"header-overlay-elements-top_line-padding-left":40,"header-overlay-elements-below_menu-padding-top":0,"header-overlay-elements-below_menu-padding-right":0,"header-overlay-elements-below_menu-padding-bottom":0,"header-overlay-elements-below_menu-padding-left":0,"header-classic-logo-position":"center","header-classic-menu-position":"left","header-classic-height":210,"header-classic-is_fullwidth":"0","header-inline-menu-position":"right","header-inline-height":100,"header-inline-is_fullwidth":"1","header-split-menu-position":"outside","header-split-height":100,"header-split-is_fullwidth":"0","header-side-position":"right","header-side-width":"300px","header-side-content-width":"300px","header-side-content-position":"center","header-side-content-padding-top":50,"header-side-content-padding-right":0,"header-side-content-padding-bottom":40,"header-side-content-padding-left":0,"header-side-menu-position":"v_top","header-side-logo-position":"inside","header-side-menu-padding-top":50,"header-side-menu-padding-bottom":50,"header-side-menu-items_alignment":"center","header-side-menu-items_link":"fullwidth","header-slide_out-layout":"menu_icon","header-slide_out-layout-menu_icon-show_floating_logo":"1","header-slide_out-layout-top_line-height":90,"header-slide_out-layout-top_line-is_fullwidth":"1","header-slide_out-layout-top_line-logo-position":"left","header-slide_out-layout-side_line-width":60,"header-slide_out-layout-side_line-position":"under","header-slide_out-position":"left","header-slide_out-overlay-animation":"fade","header-slide_out-width":"400px","header-slide_out-content-width":"350px","header-slide_out-content-position":"center","header-slide_out-content-padding-top":50,"header-slide_out-content-padding-right":0,"header-slide_out-content-padding-bottom":50,"header-slide_out-content-padding-left":0,"header-slide_out-menu-position":"v_top","header-slide_out-logo-position":"fully_inside","header-slide_out-menu-padding-top":40,"header-slide_out-menu-padding-bottom":40,"header-slide_out-menu-items_alignment":"center","header-slide_out-menu-items_link":"fullwidth","header-overlay-layout":"menu_icon","header-overlay-layout-menu_icon-show_floating_logo":"1","header-overlay-layout-top_line-height":130,"header-overlay-layout-top_line-is_fullwidth":"0","header-overlay-layout-top_line-logo-position":"left","header-overlay-layout-side_line-width":60,"header-overlay-content-width":"300px","header-overlay-content-position":"center","header-overlay-content-padding-top":0,"header-overlay-content-padding-right":0,"header-overlay-content-padding-bottom":0,"header-overlay-content-padding-left":0,"header-overlay-menu-position":"v_center","header-overlay-logo-position":"fully_inside","header-overlay-menu-padding-top":40,"header-overlay-menu-padding-bottom":40,"header-overlay-menu-items_alignment":"center","header-overlay-menu-items_link":"fullwidth","top_bar-font-family":"Roboto Condensed:700","top_bar-font-size":14,"top_bar-font-is_capitalized":"1","top_bar-font-color":"#222222","top_bar-paddings-top":7,"top_bar-paddings-bottom":7,"top_bar-paddings-horizontal":0,"top_bar-bg-style":"fullwidth_line","top_bar-bg-color":"#222222","top_bar-bg-opacity":10,"top_bar-bg-image":{"image":"","repeat":"repeat","position_x":"center","position_y":"center"},"header-bg-color":"#ffffff","header-bg-opacity":100,"header-bg-image":{"image":"","repeat":"repeat","position_x":"center","position_y":"center"},"header-bg-is_fullscreen":false,"header-bg-is_fixed":false,"header-decoration":"shadow","header-decoration-color":"#dd3333","header-decoration-opacity":100,"header-classic-menu-bg-style":"solid","header-classic-menu-bg-color":"#17324f","header-classic-menu-bg-opacity":100,"header-menu_icon-color":"#000000","header-menu_icon-bg-color":"#ffffff","header-menu_icon-bg-opacity":75,"header-menu_icon-hover-color":"#000000","header-menu_icon-hover-bg-color":"#ffffff","header-menu_icon-hover-bg-opacity":75,"header-menu_icon-margin-top":0,"header-menu_icon-margin-right":0,"header-menu_icon-margin-bottom":0,"header-menu_icon-margin-left":0,"header-menu_icon-bg-border-radius":0,"header-mixed-decoration":"shadow","header-mixed-decoration-color":"#dd9933","header-mixed-decoration-opacity":100,"header-mixed-bg-color":"#ffffff","header-mixed-bg-opacity":100,"header-slide_out-overlay-bg-color-style":"color","header-slide_out-overlay-bg-color":"#1f1f1f","header-slide_out-overlay-bg-gradient":["#cdb7e2","#821482"],"header-slide_out-overlay-bg-opacity":40,"header-slide_out-overlay-blur":"0","header-slide_out-overlay-x_cursor":"1","header-slide_out-overlay-x_cursor-color":"#ffffff","header-slide_out-overlay-x_cursor-opacity":100,"header-menu-font-family":"Roboto Condensed:700","header-menu-font-size":18,"header-menu-font-is_capitalized":"1","header-menu-subtitle-font-family":"Arial:400italic","header-menu-subtitle-font-size":11,"header-menu-font-color":"#ffffff","header-menu-hover-font-color-style":"accent","header-menu-hover-font-color":"#ffffff","header-menu-hover-font-gradient":["#8224e3","#751257"],"header-menu-active_item-font-color-style":"color","header-menu-active_item-font-color":"#ffffff","header-menu-active_item-font-gradient":["#ffffff","#000000"],"header-menu-icon-size":14,"header-menu-show_next_lvl_icons":false,"header-menu-item-padding-top":8,"header-menu-item-padding-right":12,"header-menu-item-padding-bottom":8,"header-menu-item-padding-left":12,"header-menu-item-margin-top":12,"header-menu-item-margin-right":6,"header-menu-item-margin-bottom":12,"header-menu-item-margin-left":6,"header-menu-item-surround_margins-style":"disabled","header-menu-item-surround_margins-custom-margin":30,"header-menu-decoration-other-links-is_justified":"1","header-menu-show_dividers":"0","header-menu-dividers-height-style":"custom","header-menu-dividers-height":20,"header-menu-dividers-surround":"1","header-menu-dividers-color":"#8224e3","header-menu-dividers-opacity":100,"header-menu-decoration-style":"other","header-menu-decoration-underline-direction":"upwards","header-menu-decoration-underline-color-style":"accent","header-menu-decoration-underline-color":"#ffffff","header-menu-decoration-underline-gradient":["#ffffff","#000000"],"header-menu-decoration-other-hover-style":"background","header-menu-decoration-other-hover-color-style":"color","header-menu-decoration-other-hover-color":"#ffffff","header-menu-decoration-other-hover-gradient":["#ffffff","#000000"],"header-menu-decoration-other-opacity":10,"header-menu-decoration-other-hover-line":"0","header-menu-decoration-other-hover-line-color-style":"gradient","header-menu-decoration-other-hover-line-color":"#dd3333","header-menu-decoration-other-hover-line-gradient":["#ffffff","#000000"],"header-menu-decoration-other-hover-line-opacity":23,"header-menu-decoration-other-active-style":"background","header-menu-decoration-other-active-color-style":"accent","header-menu-decoration-other-active-color":"#ffffff","header-menu-decoration-other-active-gradient":["#ffffff","#000000"],"header-menu-decoration-other-active-opacity":100,"header-menu-decoration-other-active-line":"0","header-menu-decoration-other-active-line-color-style":"color","header-menu-decoration-other-active-line-color":"#8224e3","header-menu-decoration-other-active-line-gradient":["#dd3333","#81d742"],"header-menu-decoration-other-active-line-opacity":30,"header-menu-decoration-other-click_decor":"1","header-menu-decoration-other-click_decor-color-style":"color","header-menu-decoration-other-click_decor-color":"#ffffff","header-menu-decoration-other-click_decor-gradient":["#ffffff","#000000"],"header-menu-decoration-other-click_decor-opacity":20,"header-menu-decoration-other-border-radius":0,"header-menu-submenu-font-family":"Roboto:500","header-menu-submenu-font-size":14,"header-menu-submenu-font-is_uppercase":false,"header-menu-submenu-subtitle-font-family":"Arial:400italic","header-menu-submenu-subtitle-font-size":10,"header-menu-submenu-font-color":"#ffffff","header-menu-submenu-hover-font-color-style":"accent","header-menu-submenu-hover-font-color":"#895cb8","header-menu-submenu-hover-font-gradient":["#81d742","#eeee22"],"header-menu-submenu-active-font-color-style":"accent","header-menu-submenu-active-font-color":"#ffffff","header-menu-submenu-active-font-gradient":["#ffffff","#000000"],"header-menu-submenu-icon-size":14,"header-menu-submenu-show_next_lvl_icons":"1","header-menu-submenu-parent_is_clickable":false,"header-menu-submenu-item-padding-top":9,"header-menu-submenu-item-padding-right":8,"header-menu-submenu-item-padding-bottom":9,"header-menu-submenu-item-padding-left":8,"header-menu-submenu-item-margin-top":0,"header-menu-submenu-item-margin-right":0,"header-menu-submenu-item-margin-bottom":0,"header-menu-submenu-item-margin-left":0,"header-menu-submenu-bg-color":"#30465f","header-menu-submenu-bg-opacity":100,"header-menu-submenu-bg-width":280,"header-menu-submenu-bg-hover":"animated_background","header-side-menu-submenu-position":"down","header-elements-near_menu-font_family":"Roboto Condensed:700","header-elements-near_menu-font_size":14,"header-elements-near_menu-font_color":"#ffffff","header-elements-near_logo-font_family":"Roboto Condensed:700","header-elements-near_logo-font_size":16,"header-elements-near_logo-font_color":"#222222","header-elements-woocommerce_cart-caption":"","header-elements-woocommerce_cart-icon":"1","header-elements-woocommerce_cart-show_sub_cart":"1","header-elements-woocommerce_cart-show_subtotal":"1","header-elements-woocommerce_cart-show_counter":"allways","header-elements-woocommerce_cart-counter-style":"round","header-elements-woocommerce_cart-counter-color":"#ffffff","header-elements-woocommerce_cart-counter-bg":"accent","header-elements-woocommerce_cart-counter-bg-color":"#000000","header-elements-woocommerce_cart-counter-bg-gradient":["#ffffff","#000000"],"header-elements-search-caption":"SEARCH","header-elements-search-icon":"1","header-elements-contact-address-caption":"8500 Beverly Boulevard Los Angeles, CA 90048","header-elements-contact-address-icon":"1","header-elements-contact-phone-caption":"001-234-5679","header-elements-contact-phone-icon":"1","header-elements-contact-email-caption":"sales@yoursite.com","header-elements-contact-email-icon":"1","header-elements-contact-skype-caption":"Your_Skype","header-elements-contact-skype-icon":"1","header-elements-contact-clock-caption":"Monday \u2013 Friday 10 AM \u2013 8 PM","header-elements-contact-clock-icon":"1","header-elements-login-caption":"LOGIN","header-elements-logout-caption":"LOGOUT","header-elements-login-icon":"1","header-elements-login-url":"http:\/\/the7.io\/shop\/all-products\/my-account\/","header-elements-text":"<p><i class='fa fa-mobile' style='color:#c7c7c7; font-size: 36px; line-height: 36px;'><\/i><\/p>\r\n<p class='dt-phone-header' style='margin: -30px 0px 0px 27px; font-size: 26px; line-height: 26px;'>001-234-5679<\/p>","header-elements-text-2":"<p><i class='fa fa-clock-o' style='color:#cccccc; font-size: 28px; line-height: 28px;'><\/i><\/p>\r\n<p style='margin: -38px 0px 0px 40px; font-size: 16px; line-height: 20px;'>Mon - Fri: 10:00 - 19:00<\/p>\r\n<p style='margin: 5px 0px 0px 40px; font-size: 16px; line-height: 20px;'>Sat, Sun: 11:00 - 17:00<\/p>","header-elements-text-3":"<p><i class='fa fa-phone-square' style='color:#cccccc; font-size: 28px; line-height: 28px;'><\/i><\/p>\r\n<p style='margin: -38px 0px 0px 40px; font-size: 20px; line-height: 20px;'>001-234-5679<\/p>\r\n<p style='margin: 8px 0px 0px 40px; font-size: 20px; line-height: 20px;'>001-987-6543<\/p>","header-elements-soc_icons-color":"#ffffff","header-elements-soc_icons-bg":"color","header-elements-soc_icons-bg-color":"#17324f","header-elements-soc_icons-bg-opacity":100,"header-elements-soc_icons-bg-gradient":["#ffffff","#000000"],"header-elements-soc_icons-hover-color":"#ffffff","header-elements-soc_icons-hover-bg":"accent","header-elements-soc_icons-hover-bg-color":"#393939","header-elements-soc_icons-bg-hover-opacity":100,"header-elements-soc_icons-hover-bg-gradient":["#ffffff","#000000"],"header-elements-soc_icons":{"0":{"icon":"facebook","url":"\/"},"2":{"icon":"twitter","url":"\/"},"3":{"icon":"google","url":"\/"},"4":{"icon":"pinterest","url":"\/"}},"header-show_floating_navigation":"1","header-floating_navigation-style":"fade","header-floating_navigation-show_after":240,"header-floating_navigation-height":60,"header-floating_navigation-bg-color":"#17324f","header-floating_navigation-bg-opacity":100,"header-floating_navigation-decoration":"shadow","header-floating_navigation-decoration-color":"#dd3333","header-floating_navigation-decoration-opacity":100,"header-mobile-first_switch-after":1050,"header-mobile-first_switch-layout":"right_left","header-mobile-first_switch-height":60,"header-mobile-second_switch-after":1050,"header-mobile-second_switch-layout":"right_left","header-mobile-second_switch-height":60,"header-mobile-floating_navigation":"menu_icon","header-mobile-menu-font-family":"Roboto Condensed:700","header-mobile-menu-font-size":18,"header-mobile-menu-font-is_capitalized":"1","header-mobile-submenu-font-family":"Roboto:500","header-mobile-submenu-font-size":14,"header-mobile-submenu-font-is_capitalized":false,"header-mobile-menu-font-color":"#222222","header-mobile-menu-font-hover-color-style":"accent","header-mobile-menu-font-hover-color":"#3c3e45","header-mobile-menu-font-hover-gradient":["#b78ce2","#1e73be"],"header-mobile-menu-bg-color":"#ffffff","header-mobile-menu-bg-opacity":100,"header-mobile-menu-bg-width":340,"header-mobile-menu-align":"right","header-logo_regular":["\/wp-content\/uploads\/sites\/7\/2017\/04\/seven-store-logo.png",35967],"header-logo_hd":["\/wp-content\/uploads\/sites\/7\/2017\/04\/seven-store-logo-hd.png",35966],"header-logo-padding-top":0,"header-logo-padding-right":0,"header-logo-padding-bottom":0,"header-logo-padding-left":0,"header-style-transparent-logo_regular":["\/wp-content\/uploads\/sites\/7\/2017\/04\/seven-store-logo.png",35967],"header-style-transparent-logo_hd":["\/wp-content\/uploads\/sites\/7\/2017\/04\/seven-store-logo-hd.png",35966],"header-style-transparent-logo-padding-top":15,"header-style-transparent-logo-padding-right":0,"header-style-transparent-logo-padding-bottom":0,"header-style-transparent-logo-padding-left":0,"header-style-mixed-logo_regular":["",0],"header-style-mixed-logo_hd":["",0],"header-style-mixed-logo-padding-top":0,"header-style-mixed-logo-padding-right":0,"header-style-mixed-logo-padding-bottom":0,"header-style-mixed-logo-padding-left":0,"header-style-floating-choose_logo":"custom","header-style-floating-logo_regular":["\/wp-content\/uploads\/sites\/7\/2017\/04\/seven-store-flo.png",35969],"header-style-floating-logo_hd":["\/wp-content\/uploads\/sites\/7\/2017\/04\/seven-store-flo-hd.png",35970],"header-style-floating-logo-padding-top":0,"header-style-floating-logo-padding-right":0,"header-style-floating-logo-padding-bottom":0,"header-style-floating-logo-padding-left":0,"header-mobile-first_switch-logo":"mobile","header-mobile-second_switch-logo":"mobile","header-style-mobile-logo_regular":["\/wp-content\/uploads\/sites\/7\/2017\/04\/seven-store-mob.png",35972],"header-style-mobile-logo_hd":["\/wp-content\/uploads\/sites\/7\/2017\/04\/seven-store-mob-hd.png",35971],"header-style-mobile-logo-padding-top":0,"header-style-mobile-logo-padding-right":0,"header-style-mobile-logo-padding-bottom":0,"header-style-mobile-logo-padding-left":0,"bottom_bar-logo_regular":["\/wp-content\/uploads\/sites\/7\/2017\/04\/st-lg-b.png",36255],"bottom_bar-logo_hd":["\/wp-content\/uploads\/sites\/7\/2017\/04\/st-lg-b-hd.png",36254],"bottom_bar-logo-padding-top":10,"bottom_bar-logo-padding-right":20,"bottom_bar-logo-padding-bottom":10,"bottom_bar-logo-padding-left":0,"general-favicon":"\/wp-content\/uploads\/sites\/7\/2016\/01\/the7-new-fav1.gif","general-favicon_hd":"\/wp-content\/uploads\/sites\/7\/2016\/01\/the7-new-fav-hd1.gif","general-handheld_icon-old_iphone":"","general-handheld_icon-old_ipad":"","general-handheld_icon-retina_iphone":"","general-handheld_icon-retina_ipad":"","bottom_bar-copyrights":"Seven - your favourite store!","bottom_bar-credits":false,"stripes-stripe_1_color":"#f3f3f3","stripes-stripe_1_bg_image":{"image":"","repeat":"repeat","position_x":"center","position_y":"center"},"stripes-stripe_1_outline":"hide","stripes-stripe_1_outline_color":"#ffffff","stripes-stripe_1_outline_opacity":10,"stripes-stripe_1_content_boxes_bg_color":"#b1b1b1","stripes-stripe_1_content_boxes_bg_opacity":15,"stripes-stripe_1_content_boxes_decoration":"none","stripes-stripe_1_content_boxes_decoration_outline_color":"#dd3333","stripes-stripe_1_content_boxes_decoration_outline_opacity":100,"stripes-stripe_1_headers_color":"#333333","stripes-stripe_1_text_color":"#777777","stripes-stripe_2_color":"#362342","stripes-stripe_2_bg_image":{"image":"","repeat":"repeat","position_x":"center","position_y":"center"},"stripes-stripe_2_outline":"hide","stripes-stripe_2_outline_color":"#c1edaf","stripes-stripe_2_outline_opacity":100,"stripes-stripe_2_content_boxes_bg_color":"#000000","stripes-stripe_2_content_boxes_bg_opacity":0,"stripes-stripe_2_content_boxes_decoration":"outline","stripes-stripe_2_content_boxes_decoration_outline_color":"#ffffff","stripes-stripe_2_content_boxes_decoration_outline_opacity":16,"stripes-stripe_2_headers_color":"#ffffff","stripes-stripe_2_text_color":"#ffffff","stripes-stripe_3_color":"#141414","stripes-stripe_3_bg_image":{"image":"\/inc\/presets\/images\/full\/wizard01.stripes-stripe-3-bg-image.jpg","repeat":"repeat","position_x":"center","position_y":"center"},"stripes-stripe_3_outline":"hide","stripes-stripe_3_outline_color":"#FFFFFF","stripes-stripe_3_outline_opacity":8,"stripes-stripe_3_content_boxes_bg_color":"#FFFFFF","stripes-stripe_3_content_boxes_bg_opacity":15,"stripes-stripe_3_content_boxes_decoration":"none","stripes-stripe_3_content_boxes_decoration_outline_color":"#ffffff","stripes-stripe_3_content_boxes_decoration_outline_opacity":100,"stripes-stripe_3_headers_color":"#ffffff","stripes-stripe_3_text_color":"#ffffff","sidebar-width":"350px","sidebar-vertical_distance":50,"sidebar-visual_style":"with_dividers","sidebar-divider-vertical":"1","sidebar-divider-horizontal":"0","sidebar-bg_color":"#b1b1b1","sidebar-bg_opacity":15,"sidebar-bg_image":{"image":"","repeat":"repeat","position_x":"center","position_y":"center"},"sidebar-decoration":"none","sidebar-decoration_outline_color":"#000000","sidebar-decoration_outline_opacity":6,"sidebar-headers_color":"#222222","sidebar-primary_text_color":"#666666","footer-style":"solid_background","footer-bg_color":"#17324f","footer-bg_opacity":100,"footer-decoration":"none","footer-decoration_outline_color":"#81d742","footer-decoration_outline_opacity":96,"footer-bg_image":{"image":"","repeat":"repeat","position_x":"center","position_y":"top"},"footer-slide-out-mode":"0","footer-headers_color":"#ffffff","footer-primary_text_color":"#ffffff","footer-padding-top":60,"footer-padding-bottom":0,"footer-paddings-columns":25,"footer-layout":"1\/4+1\/4+1\/4+1\/4","footer-collapse_after":990,"bottom_bar-style":"content_width_line","bottom_bar-bg_color":"#ffffff","bottom_bar-bg_opacity":0,"bottom_bar-bg_image":{"image":"","repeat":"repeat","position_x":"center","position_y":"top"},"bottom_bar-color":"#ffffff","bottom_bar-text":"\u00a9 Seven Store 2015-2017. All rights reserved.\r\n","general-show_author_in_blog":"1","general-next_prev_in_blog":"1","general-show_back_button_in_post":"1","general-blog_meta_on":"1","general-blog_meta_date":"1","general-blog_meta_author":false,"general-blog_meta_categories":"1","general-blog_meta_comments":"1","general-blog_meta_tags":"1","general-show_rel_posts":"1","general-rel_posts_head_title":"Related posts","general-rel_posts_max":6,"general-next_prev_in_portfolio":"1","general-show_back_button_in_project":"0","general-portfolio_meta_on":"1","general-portfolio_meta_date":false,"general-portfolio_meta_author":false,"general-portfolio_meta_categories":false,"general-portfolio_meta_comments":false,"general-show_rel_projects":"0","general-rel_projects_head_title":"Related projects","general-rel_projects_title":false,"general-rel_projects_excerpt":false,"general-rel_projects_info_date":false,"general-rel_projects_info_author":false,"general-rel_projects_info_comments":false,"general-rel_projects_info_categories":false,"general-rel_projects_link":false,"general-rel_projects_zoom":false,"general-rel_projects_details":false,"general-rel_projects_max":12,"general-rel_projects_fullwidth_height":210,"general-rel_projects_fullwidth_width_style":"prop","general-rel_projects_fullwidth_width":210,"general-rel_projects_height":180,"general-rel_projects_width_style":"prop","general-rel_projects_width":180,"general-next_prev_in_album":"1","general-show_back_button_in_album":"1","general-album_meta_on":"1","general-album_meta_date":"1","general-album_meta_author":false,"general-album_meta_categories":"1","general-album_meta_comments":false,"general-title_align":"left","general-title_height":120,"page_title-padding-top":5,"page_title-padding-bottom":0,"general-show_titles":"1","general-title_size":"h3","general-title_color":"#222222","general-show_breadcrumbs":"1","general-breadcrumbs_color":"#666666","general-breadcrumbs_bg_color":"disabled","general-title_bg_mode":"background","header-background":"normal","header-transparent_bg_color":"#eeee22","header-transparent_bg_opacity":100,"page_title-background-style-transparent-color_scheme":"light","general-title_bg_color":"#f3f3f5","general-title_bg_opacity":100,"general-title_decoration":"none","general-title_decoration_outline_color":"#1e73be","general-title_decoration_outline_opacity":0,"general-title_bg_gradient":["#4a66d6","#12b4ea"],"general-title_bg_image":{"image":"","repeat":"repeat","position_x":"center","position_y":"center"},"general-title_bg_fullscreen":false,"general-title_bg_fixed":false,"general-title_bg_parallax":"0","fonts-font_family":"Roboto","fonts-big_size":15,"fonts-big_size_line_height":27,"fonts-normal_size":14,"fonts-normal_size_line_height":24,"fonts-small_size":13,"fonts-small_size_line_height":23,"fonts-h1_font_family":"Roboto Condensed:700","fonts-h1_font_size":50,"fonts-h1_line_height":60,"fonts-h1_uppercase":false,"fonts-h2_font_family":"Roboto Condensed:700","fonts-h2_font_size":40,"fonts-h2_line_height":50,"fonts-h2_uppercase":false,"fonts-h3_font_family":"Roboto Condensed:700","fonts-h3_font_size":28,"fonts-h3_line_height":38,"fonts-h3_uppercase":false,"fonts-h4_font_family":"Roboto Condensed:700","fonts-h4_font_size":20,"fonts-h4_line_height":30,"fonts-h4_uppercase":false,"fonts-h5_font_family":"Roboto Condensed:700","fonts-h5_font_size":16,"fonts-h5_line_height":26,"fonts-h5_uppercase":false,"fonts-h6_font_family":"Roboto Condensed:700","fonts-h6_font_size":14,"fonts-h6_line_height":24,"fonts-h6_uppercase":false,"buttons-style":"flat","buttons-color_mode":"accent","buttons-color":"#81d742","buttons-color_gradient":["#13aa4a","#84df31"],"buttons-hover_color_mode":"color","buttons-hover_color":"#d6413b","buttons-hover_color_gradient":["#1cd9ea","#0ca2e0"],"buttons-text_color_mode":"color","buttons-text_color":"#ffffff","buttons-text_hover_color_mode":"color","buttons-text_hover_color":"#ffffff","buttons-s_font_family":"Roboto Condensed:700","buttons-s_font_size":14,"buttons-s_uppercase":"1","buttons-s_line_height":30,"buttons-s_border_radius":0,"buttons-m_font_family":"Roboto Condensed:700","buttons-m_font_size":16,"buttons-m_uppercase":"1","buttons-m_line_height":40,"buttons-m_border_radius":0,"buttons-l_font_family":"Roboto Condensed:700","buttons-l_font_size":20,"buttons-l_uppercase":"1","buttons-l_line_height":52,"buttons-l_border_radius":0,"image_hover-style":"none","image_hover-onclick_animation":"1","image_hover-default_icon":"small_corner","image_hover-color_mode":"accent","image_hover-color":"#000000","image_hover-color_gradient":["#6ae5e6","#1190c9"],"image_hover-opacity":40,"image_hover-project_icons_style":"outline","image_hover-album_miniatures_style":"style_2","image_hover-project_rollover_color_mode":"accent","image_hover-project_rollover_color":"#000000","image_hover-project_rollover_color_gradient":["#6ae5e6","#1190c9"],"image_hover-project_rollover_opacity":85,"social_buttons-visibility":"allways","social_buttons-post-button_title":"Share this post","social_buttons-post":["facebook","twitter","google+","pinterest","linkedin"],"social_buttons-portfolio_post-button_title":"Share this post","social_buttons-portfolio_post":[],"social_buttons-photo-button_title":"Share this image","social_buttons-photo":[],"social_buttons-page-button_title":"Share this page","social_buttons-page":[],"widgetareas":{"1":{"sidebar_name":"Default Sidebar","sidebar_desc":"Sidebar primary widget area"},"2":{"sidebar_name":"Default Footer","sidebar_desc":"Footer primary widget area"},"3":{"sidebar_name":"blog","sidebar_desc":""}},"woocommerce_display_product_info":"under_image","woocommerce_add_to_cart_position":"on_image","woocommerce_show_product_titles":"1","woocommerce_show_product_price":"1","woocommerce_show_product_rating":"1","woocommerce_show_cart_icon":"1","woocommerce_shop_template_layout":"grid","woocommerce_shop_template_gap":15,"woocommerce_shop_template_column_min_width":"220","woocommerce_shop_template_columns":5,"woocommerce_shop_template_loading_effect":"fade_in","woocommerce_rel_products_max":6,"general-album_back_button_target_page_id":0,"general-post_back_button_target_page_id":79,"general-project_back_button_target_page_id":0,"header-elements-menu-style":"list","general-images_lazy_loading":"1","header-elements-contact-address-second-header-switch":"hidden","header-elements-contact-phone-second-header-switch":"in_menu","header-elements-contact-email-second-header-switch":"in_menu","header-elements-contact-skype-second-header-switch":"in_menu","header-elements-contact-clock-second-header-switch":"hidden","header-elements-login-second-header-switch":"in_menu","header-elements-text-second-header-switch":"hidden","header-elements-text-2-second-header-switch":"hidden","header-elements-text-3-second-header-switch":"hidden","header-elements-menu-second-header-switch":"in_menu","header-elements-woocommerce_cart-second-header-switch":"near_logo","header-elements-soc_icons-second-header-switch":"hidden","header-elements-search-second-header-switch":"in_menu","general-side_content_paddings":70,"general-switch_content_paddings":990,"general-mobile_side_content_paddings":20,"header-classic-icons_style":"bold","header-inline-icons_style":"bold","header-split-icons_style":"bold","header-side-icons_style":"bold","header-slide_out-icons_style":"bold","header-overlay-icons_style":"bold","sidebar-distance_to_content":50,"sidebar-responsiveness":990,"wc_view_mode":"view_mode","woocommerce_shop_template_layout_default":"masonry_grid_default","woocommerce_shop_template_isotope":"grid","woocommerce_shop_template_responsiveness":"browser_width_based","woocommerce_shop_template_bwb_columns":{"desktop":3,"h_tablet":3,"v_tablet":2,"phone":1},"woocommerce_shop_template_img_width":"30%","woocommerce_list_switch":500,"woocommerce_hover_image":"1","woocommerce_show_masonry_desc":"0","woocommerce_show_list_desc":"1","woocommerce_product_img_width":"50%","woocommerce_product_switch":778,"woocommerce_cart_total_width":"330px","woocommerce_cart_switch":850,"woocommerce_show_steps":"1","woocommerce_steps_bg_color":"#ffffff","woocommerce_steps-bg_opacity":100,"woocommerce_steps_color":"#222222","woocommerce_cart_top_padding":60,"woocommerce_cart_bottom_padding":0,"bottom_bar-enabled":"1","header-classic-elements-near_menu_right-padding-top":0,"header-classic-elements-near_menu_right-padding-bottom":0,"header-classic-elements-near_logo_left-padding-top":0,"header-classic-elements-near_logo_left-padding-bottom":5,"header-classic-elements-near_logo_right-padding-top":0,"header-classic-elements-near_logo_right-padding-bottom":5,"header-inline-elements-near_menu_right-padding-top":0,"header-inline-elements-near_menu_right-padding-bottom":0,"header-split-elements-near_menu_left-padding-top":0,"header-split-elements-near_menu_left-padding-bottom":0,"header-split-elements-near_menu_right-padding-top":0,"header-split-elements-near_menu_right-padding-bottom":0,"header-slide_out-elements-top_line-padding-top":0,"header-slide_out-elements-top_line-padding-bottom":0,"header-overlay-elements-top_line-padding-top":0,"header-overlay-elements-top_line-padding-bottom":0,"header-classic-menu-margin-top":0,"header-classic-menu-margin-bottom":0,"header-menu_icon-size":"small","header-menu_icon-bg-size":54,"header-menu-decoration-underline-line_size":"2","header-menu-decoration-other-line_size":"2","header-elements-woocommerce_cart-on-desktops":"show","header-elements-woocommerce_cart-first-header-switch":"near_logo","header-elements-search-on-desktops":"show","header-elements-search-first-header-switch":"near_logo","header-elements-contact-address-on-desktops":"show","header-elements-contact-address-first-header-switch":"near_logo","header-elements-contact-phone-on-desktops":"hide","header-elements-contact-phone-first-header-switch":"in_menu","header-elements-contact-email-on-desktops":"show","header-elements-contact-email-first-header-switch":"near_logo","header-elements-contact-skype-on-desktops":"show","header-elements-contact-skype-first-header-switch":"near_logo","header-elements-contact-clock-on-desktops":"show","header-elements-contact-clock-first-header-switch":"near_logo","header-elements-login-on-desktops":"show","header-elements-login-first-header-switch":"near_logo","header-elements-text-on-desktops":"show","header-elements-text-first-header-switch":"near_logo","header-elements-text-2-on-desktops":"show","header-elements-text-2-first-header-switch":"hidden","header-elements-text-3-on-desktops":"show","header-elements-text-3-first-header-switch":"hidden","header-elements-menu-on-desktops":"show","header-elements-menu-first-header-switch":"near_logo","header-elements-soc_icons-on-desktops":"show","header-elements-soc_icons-first-header-switch":"hidden","dividers-color":"#cccccc","dividers-opacity":50,"content-secondary_text_color":"#aaaaaa","buttons-s_padding-top":8,"buttons-s_padding-right":12,"buttons-s_padding-bottom":8,"buttons-s_padding-left":12,"buttons-m_padding-top":12,"buttons-m_padding-right":18,"buttons-m_padding-bottom":12,"buttons-m_padding-left":18,"buttons-l_padding-top":16,"buttons-l_padding-right":24,"buttons-l_padding-bottom":16,"buttons-l_padding-left":24,"general-page_content_top_margin":70,"general-page_content_bottom_margin":70,"input_height":40,"input_border_radius":0,"input_color":"#666666","input_border_color":"#cccccc","input_border_opacity":50,"input_bg_color":"#ffffff","input_bg_opacity":100,"general-filter_style-minimal-border_radius":0,"general-filter_style-material-line_size":2,"general-navigation_margin":50,"blog-fancy_date-style":"circle","post-show_fancy_date":"1","post-show_fancy_categories":"1","blog-thumbnail_size":"original","blog-thumbnail_proportions":{"width":3,"height":2},"modules-portfolio-status":"enabled","modules-testimonials-status":"enabled","modules-team-status":"enabled","modules-logos-status":"enabled","modules-benefits-status":"enabled","modules-albums-status":"enabled","modules-slideshow-status":"enabled","social_buttons-product-button_title":"Share this product","social_buttons-product":["twitter","pinterest","facebook","linkedin","google+"]},"wp_settings":{"show_on_front":"page","page_on_front":"27928","page_for_posts":"0"},"widgets_settings":{"widget_archives":{"2":{"title":"","count":0,"dropdown":0},"_multiwidget":1},"widget_meta":{"2":{"title":""},"_multiwidget":1},"widget_search":{"2":{"title":""},"_multiwidget":1},"widget_text":{"1":[],"_multiwidget":1},"widget_categories":{"2":{"title":"","count":0,"hierarchical":0,"dropdown":0},"_multiwidget":1},"widget_recent-posts":{"2":{"title":"","number":5},"_multiwidget":1},"widget_recent-comments":{"2":{"title":"","number":5},"_multiwidget":1},"widget_rss":{"1":[],"_multiwidget":1},"widget_woocommerce_layered_nav_filters":{"2":{"title":"ACTIVE FILTERS"},"_multiwidget":1},"widget_woocommerce_layered_nav":{"2":{"title":"FILTER BY COLOR","display_type":"dropdown","query_type":"or","attribute":"color"},"3":{"title":"FILTER BY SIZE","attribute":"size","display_type":"dropdown","query_type":"or"},"_multiwidget":1},"widget_woocommerce_price_filter":{"2":{"title":"FILTER BY PRICE"},"_multiwidget":1},"widget_woocommerce_product_categories":{"2":{"title":"CATEGORIES","orderby":"name","dropdown":0,"count":0,"hierarchical":1,"show_children_only":0,"hide_empty":0},"_multiwidget":1},"widget_woocommerce_product_search":{"2":{"title":"SEARCH"},"_multiwidget":1},"widget_woocommerce_product_tag_cloud":{"2":{"title":"PRODUCT TAGS"},"_multiwidget":1},"widget_woocommerce_products":{"2":{"title":"SALE","number":3,"show":"onsale","orderby":"date","order":"desc","hide_free":0,"show_hidden":0},"3":{"title":"FEATURED PRODUCTS","number":4,"show":"featured","orderby":"date","order":"desc","hide_free":0,"show_hidden":0},"_multiwidget":1},"widget_woocommerce_recent_reviews":{"3":{"title":"Recent Reviews","number":"3"},"_multiwidget":1},"widget_woocommerce_recently_viewed_products":{"2":{"title":"RECENTLY VIEWED","number":4},"_multiwidget":1},"widget_woocommerce_top_rated_products":{"2":{"title":"TOP RATED","number":3},"_multiwidget":1},"widget_presscore-custom-menu-1":{"2":{"title":"","menu":"178"},"_multiwidget":1},"widget_presscore-blog-posts":{"2":{"title":"RECENT POSTS","order":"DESC","orderby":"date","show":6,"select":"all","cats":[],"thumbnails":1,"round_images":1,"show_excerpts":0,"images_dimensions":{"w":60,"h":60}},"_multiwidget":1},"widget_presscore-accordion-widget":{"2":{"title":"USEFULL INFO","fields":[{"title":"Billing &amp; Shipping","content":"Suscipit purus vitae, hendrerit tortoreu rhoncus nulla, vitae laoreet estortor malesuada. Vestibulum porta pellen tesque bibendum. In consequat, massa sit amet euismod conse quat lectus augue vehicula odio, nec laoreet purus orci sit amet neque."},{"title":"Return policy","content":"Vestibulum porta pellentesque bibendum. In consequat, massa sit amet euismod consequat, lectus augue lorem ipsum vehicula odio, nec laoreet purus orci sit amet neque."},{"title":"Contact","content":"<span style=\"color:#ec544e\">Tel:<\/span>\r\n001-234-5679\r\n001-987-6543\r\n<span style=\"color:#ec544e\">Working hours:<\/span>\r\nMon - Fri: 10:00 - 19:00\r\nSat, Sun: 11:00 - 17:00"}]},"_multiwidget":1},"sidebars_widgets":{"orphaned_widgets_1":["search-2","recent-posts-2","recent-comments-2","archives-2","categories-2","meta-2"],"wp_inactive_widgets":["9022","9022"],"sidebar_1":["woocommerce_product_search-2","woocommerce_product_categories-2","woocommerce_layered_nav_filters-2","woocommerce_price_filter-2","woocommerce_layered_nav-3","woocommerce_layered_nav-2","woocommerce_product_tag_cloud-2","woocommerce_recently_viewed_products-2"],"sidebar_2":["presscore-custom-menu-1-2","woocommerce_products-2","woocommerce_top_rated_products-2","presscore-accordion-widget-2"],"sidebar_3":["presscore-blog-posts-2","woocommerce_products-3"],"array_version":3}},"nav_menu_locations":{"primary":179,"top":178},"ultimate_selected_google_fonts":[{"font_family":"Roboto+Condensed","font_name":"Roboto Condensed","variants":[{"variant_value":"300","variant_selected":"false"},{"variant_value":"300italic","variant_selected":"false"},{"variant_value":"italic","variant_selected":"false"},{"variant_value":"700","variant_selected":"true"},{"variant_value":"700italic","variant_selected":"false"}],"subsets":[{"subset_value":"latin-ext","subset_selected":"false"},{"subset_value":"cyrillic-ext","subset_selected":"false"},{"subset_value":"cyrillic","subset_selected":"false"},{"subset_value":"greek-ext","subset_selected":"false"},{"subset_value":"greek","subset_selected":"false"},{"subset_value":"latin","subset_selected":"false"},{"subset_value":"vietnamese","subset_selected":"false"}]},{"font_family":"Roboto","font_name":"Roboto","variants":[{"variant_value":"100","variant_selected":"false"},{"variant_value":"100italic","variant_selected":"false"},{"variant_value":"300","variant_selected":"false"},{"variant_value":"300italic","variant_selected":"false"},{"variant_value":"italic","variant_selected":"false"},{"variant_value":"500","variant_selected":"false"},{"variant_value":"500italic","variant_selected":"false"},{"variant_value":"700","variant_selected":"true"},{"variant_value":"700italic","variant_selected":"false"},{"variant_value":"900","variant_selected":"false"},{"variant_value":"900italic","variant_selected":"false"}],"subsets":[{"subset_value":"latin-ext","subset_selected":"false"},{"subset_value":"cyrillic-ext","subset_selected":"false"},{"subset_value":"cyrillic","subset_selected":"false"},{"subset_value":"greek-ext","subset_selected":"false"},{"subset_value":"greek","subset_selected":"false"},{"subset_value":"latin","subset_selected":"false"},{"subset_value":"vietnamese","subset_selected":"false"}]}],"ultimate_icon_fonts":{"icomoon-font-awesome-14x14":{"include":"smile_fonts\/icomoon-font-awesome-14x14","folder":"smile_fonts\/icomoon-font-awesome-14x14","style":"icomoon-font-awesome-14x14\/icomoon-font-awesome-14x14.css","config":"charmap.php"}},"revolution_sliders":["dream-theme-the7-shop-slideshow"],"vc_settings":{"use_custom":"1","vc_color":"#f7f7f7","vc_color_hover":"#F0F0F0","vc_color_call_to_action_bg":"","vc_color_google_maps_bg":"","vc_color_post_slider_caption_bg":"","vc_color_progress_bar_bg":"","vc_color_separator_border":"","vc_color_tab_bg":"","vc_color_tab_bg_active":"","margin":"0px","gutter":"50","responsive_max":"778"}}