{"schema":{"folders":{"ultimate_icon_fonts":"Ultimate_VC_Addons\/icon-fonts"}},"theme_options":{"header-logo_regular":["\/inc\/presets\/images\/full\/skin07s.header-logo-regular.png?w=146&h=28",0],"header-logo_hd":["\/inc\/presets\/images\/full\/skin07s.header-logo-hd.png?w=292&h=56",0],"bottom_bar-logo_regular":["\/inc\/presets\/images\/full\/skin07s.bottom-bar-logo-regular.png?w=106&h=21",0],"bottom_bar-logo_hd":["\/inc\/presets\/images\/full\/skin07s.bottom-bar-logo-hd.png?w=212&h=42",0],"general-floating_menu_show_logo":"1","general-floating_menu_logo_regular":["\/inc\/presets\/images\/full\/skin17b.general-floating-menu-logo-regular.png?w=25&h=40",0],"general-floating_menu_logo_hd":["\/inc\/presets\/images\/full\/skin17r.general-floating-menu-logo-hd.png?w=50&h=80",0],"general-bg_color":"#ffffff","general-bg_opacity":100,"general-bg_ie_color":"#252525","general-bg_image":{"image":"","repeat":"repeat","position_x":"center","position_y":"top"},"general-bg_fullscreen":false,"general-content_width":"1250px","general-layout":"wide","general-box_width":"1280px","general-boxed_bg_color":"#f8f8f9","general-boxed_bg_image":{"image":"","repeat":"no-repeat","position_x":"center","position_y":"center"},"general-boxed_bg_fullscreen":"1","general-show_titles":"1","general-title_align":"center","general-show_breadcrumbs":"1","general-responsive":"1","general-hd_images":"srcset_based","general-accent_bg_color":"#5891e8","general-border_radius":2,"general-thick_divider_style":"style-5","general-thin_divider_style":"style-1","general-next_prev_in_blog":"1","general-next_prev_in_portfolio":"1","general-show_author_in_blog":"1","general-favicon":"\/wp-content\/uploads\/sites\/39\/2015\/09\/the7-new-fav1.gif","general-custom_css":"","general-show_rel_posts":"1","general-rel_posts_head_title":"Related Posts","general-rel_posts_max":6,"general-show_rel_projects":"1","general-rel_projects_head_title":"Related projects","general-rel_projects_max":5,"general-rel_projects_meta":"1","general-rel_projects_title":"1","general-rel_projects_excerpt":false,"general-rel_projects_link":false,"general-rel_projects_details":"1","general-rel_projects_fullwidth_height":205,"general-rel_projects_fullwidth_width_style":"fixed","general-rel_projects_fullwidth_width":205,"general-rel_projects_height":177,"general-rel_projects_width_style":"fixed","general-rel_projects_width":177,"general-blog_meta_on":"1","general-blog_meta_postformat":"1","general-blog_meta_date":"1","general-blog_meta_author":"1","general-blog_meta_categories":"1","general-blog_meta_comments":false,"general-blog_meta_tags":"1","general-portfolio_meta_on":"1","general-portfolio_meta_date":"1","general-portfolio_meta_author":false,"general-portfolio_meta_categories":"1","general-portfolio_meta_comments":false,"general-smooth_scroll":"off","fonts-font_family":"Open Sans","fonts-normal_size":14,"fonts-normal_size_line_height":26,"fonts-small_size":13,"fonts-small_size_line_height":25,"fonts-big_size":15,"fonts-big_size_line_height":28,"fonts-h1_font_family":"Roboto","fonts-h1_font_size":52,"fonts-h1_line_height":62,"fonts-h1_uppercase":false,"fonts-h2_font_family":"Roboto:500","fonts-h2_font_size":34,"fonts-h2_line_height":44,"fonts-h2_uppercase":false,"fonts-h3_font_family":"Roboto:500","fonts-h3_font_size":24,"fonts-h3_line_height":34,"fonts-h3_uppercase":false,"fonts-h4_font_family":"Roboto:700","fonts-h4_font_size":20,"fonts-h4_line_height":30,"fonts-h4_uppercase":false,"fonts-h5_font_family":"Roboto:700","fonts-h5_font_size":16,"fonts-h5_line_height":26,"fonts-h5_uppercase":false,"fonts-h6_font_family":"Roboto:700","fonts-h6_font_size":14,"fonts-h6_line_height":24,"fonts-h6_uppercase":false,"buttons-s_font_family":"Roboto:700","buttons-s_font_size":12,"buttons-s_uppercase":false,"buttons-s_line_height":32,"buttons-m_font_family":"Roboto:700","buttons-m_font_size":14,"buttons-m_uppercase":false,"buttons-m_line_height":39,"buttons-l_font_family":"Roboto:700","buttons-l_font_size":18,"buttons-l_uppercase":false,"buttons-l_line_height":52,"top_bar-show":"1","top_bar-bg_color":"#282828","top_bar-bg_opacity":100,"top_bar-bg_ie_color":"#ffffff","top_bar-bg_image":{"image":"","repeat":"repeat","position_x":"center","position_y":"center"},"top_bar-text_color":"#ffffff","top_bar-dividers_color":"#dedfdf","top_bar-dividers_opacity":100,"top_bar-dividers_ie_color":"#dadee1","top_bar-contact_show":"1","top_bar-contact_address":"102580 Santa Monica BLVD Los Angeles","top_bar-contact_phone":"+3 045 224 33 12","top_bar-contact_email":"info@yoursite.com","top_bar-contact_skype":"yourname","top_bar-contact_clock":"10 AM - 8 PM","top_bar-contact_info":"","top_bar-text":"","top_bar-soc_icon_color":"#767d80","top_bar-soc_icon_hover":"default","top_bar-soc_icon_hover_color":"#2a83ed","top_bar-soc_ico_facebook":"https:\/\/www.facebook.com\/WordPress.Premium.Theme","top_bar-soc_ico_twitter":"https:\/\/twitter.com\/premium_theme","top_bar-soc_ico_google":"","top_bar-soc_ico_dribbble":"http:\/\/dribbble.com\/dream-theme","top_bar-soc_ico_you-tube":"","top_bar-soc_ico_rss":"","top_bar-soc_ico_delicious":"","top_bar-soc_ico_flickr":"","top_bar-soc_ico_forrst":"","top_bar-soc_ico_lastfm":"","top_bar-soc_ico_linkedin":"","top_bar-soc_ico_vimeo":"","top_bar-soc_ico_tumbler":"","top_bar-soc_ico_pinterest":"http:\/\/www.pinterest.com\/dreamtheme\/boards\/","top_bar-soc_ico_devian":"","top_bar-soc_ico_skype":"","top_bar-soc_ico_github":"","top_bar-soc_ico_instagram":"http:\/\/instagram.com\/dream_theme_photo","top_bar-soc_ico_stumbleupon":"","top_bar-soc_ico_behance":"","top_bar-soc_ico_mail":"","top_bar-soc_ico_website":"","top_bar-soc_ico_px-500":"","top_bar-soc_ico_tripedvisor":"","top_bar-soc_ico_vk":"","top_bar-soc_ico_foursquare":"","top_bar-soc_ico_xing":"","header-bg_color":"#ffffff","header-bg_image":{"image":"","repeat":"repeat","position_x":"center","position_y":"top"},"header-transparent_bg_color":"#eeee22","header-transparent_bg_opacity":100,"header-transparent_bg_ie_color":"#000000","header-transparent_bg_image":{"image":"","repeat":"repeat","position_x":"center","position_y":"center"},"header-bg_height":60,"header-layout":"inline","header-contentarea":"<p><span class=\"paint-accent-color\">Address:<\/span>  102580 Santa Monica BLVD Los Angeles\r\n<\/p>\r\n<span class=\"paint-accent-color\">Phone: <\/span> +3 045 224 33 12, 220 30 22","header-contentarea_color":"#373a41","header-font_family":"Open Sans","header-font_size":16,"header-font_uppercase":false,"header-font_line_height":34,"header-font_color":"#474950","header-menu_bg_color":"#6a6e71","header-menu_bg_opacity":18,"header-menu_bg_ie_color":"#dadee1","header-color_frame":"1","header-next_level_indicator":"1","header-icons_size":{"width":14,"height":14},"header-submenu_parent_clickable":false,"header-submenu_color":"#373a41","header-submenu_bg_color":"#ffffff","header-submenu_bg_opacity":97,"header-submenu_bg_ie_color":"#ffffff","header-submenu_next_level_indicator":"1","header-submenu_icons_size":{"width":12,"height":12},"header-show_floating_menu":"1","header-search_show":"1","slideshow-bg_color":"#f7f7f8","slideshow-bg_opacity":100,"slideshow-bg_ie_color":"#ffffff","slideshow-bg_image":{"image":"","repeat":"repeat","position_x":"center","position_y":"top"},"slideshow-bg_fullscreen":false,"content-headers_color":"#3b3f4a","content-primary_text_color":"#787d85","content-dividers_color":"#dadee1","content-dividers_opacity":100,"content-dividers_ie_color":"#dadee1","stripes-stripe_1_color":"#f8f8f9","stripes-stripe_1_opacity":100,"stripes-stripe_1_ie_color":"#f7f7f8","stripes-stripe_1_bg_image":{"image":"","repeat":"repeat","position_x":"center","position_y":"center"},"stripes-stripe_1_headers_color":"#3b3f4a","stripes-stripe_1_text_color":"#787d85","stripes-stripe_1_div_color":"#dadee1","stripes-stripe_1_div_opacity":100,"stripes-stripe_1_div_ie_color":"#dadee1","stripes-stripe_2_color":"#23262d","stripes-stripe_2_opacity":100,"stripes-stripe_2_ie_color":"#f7f7f8","stripes-stripe_2_bg_image":{"image":"","repeat":"repeat","position_x":"center","position_y":"center"},"stripes-stripe_2_headers_color":"#ffffff","stripes-stripe_2_text_color":"#8b9199","stripes-stripe_2_div_color":"#2e383c","stripes-stripe_2_div_opacity":100,"stripes-stripe_2_div_ie_color":"#dadee1","stripes-stripe_3_color":"#000000","stripes-stripe_3_opacity":100,"stripes-stripe_3_ie_color":"#cacaca","stripes-stripe_3_bg_image":{"image":"\/inc\/presets\/images\/full\/skin22.stripes-stripe-3-bg-image.jpg","repeat":"repeat","position_x":"center","position_y":"center"},"stripes-stripe_3_headers_color":"#ffffff","stripes-stripe_3_text_color":"#ffffff","stripes-stripe_3_div_color":"#ffffff","stripes-stripe_3_div_opacity":12,"stripes-stripe_3_div_ie_color":"#afc5d2","sidebar-bg_color":"#f7f7f8","sidebar-bg_opacity":100,"sidebar-bg_ie_color":"#ffffff","sidebar-bg_image":{"image":"","repeat":"repeat","position_x":"center","position_y":"center"},"sidebar-dividers_color":"#81d742","sidebar-dividers_opacity":100,"sidebar-dividers_ie_color":"#dadee1","sidebar-headers_color":"#3b3f4a","sidebar-primary_text_color":"#787d85","footer-bg_color":"#23262d","footer-bg_opacity":100,"footer-bg_ie_color":"#1B1B1B","footer-bg_image":{"image":"","repeat":"repeat","position_x":"center","position_y":"top"},"footer-dividers_color":"#dadee1","footer-dividers_opacity":0,"footer-dividers_ie_color":"#dadee1","footer-headers_color":"#ffffff","footer-primary_text_color":"#9aa0a7","bottom_bar-bg_color":"#ffffff","bottom_bar-bg_opacity":13,"bottom_bar-bg_ie_color":"#ffffff","bottom_bar-bg_image":{"image":"","repeat":"repeat","position_x":"center","position_y":"top"},"bottom_bar-color":"#ffffff","bottom_bar-dividers_color":"#dadee1","bottom_bar-dividers_opacity":85,"bottom_bar-dividers_ie_color":"#dadee1","bottom_bar-copyrights":"","bottom_bar-credits":"1","bottom_bar-text":"","hoover-color":"#ff4f89","hoover-opacity":58,"hoover-style":"blur","social_buttons-post":["facebook","twitter","google+","pinterest","linkedin"],"social_buttons-portfolio_post":["facebook","twitter","google+","pinterest","linkedin"],"social_buttons-photo":["facebook","twitter","pinterest","google+","linkedin"],"social_buttons-page":[],"widgetareas":{"15":{"sidebar_name":"Blog categories","sidebar_desc":""},"16":{"sidebar_name":"Team","sidebar_desc":""},"14":{"sidebar_name":"Twitter - 4 tweets","sidebar_desc":""},"13":{"sidebar_name":"Twitter - 5 tweets","sidebar_desc":""},"11":{"sidebar_name":"WooCommerce homepage side","sidebar_desc":""},"9":{"sidebar_name":"WooCommerce product side","sidebar_desc":""},"12":{"sidebar_name":"WooCommerce footer","sidebar_desc":""},"6":{"sidebar_name":"Plugins compatibility","sidebar_desc":""},"4":{"sidebar_name":"All standard widgets","sidebar_desc":""},"3":{"sidebar_name":"All DT custom widgets","sidebar_desc":""},"1":{"sidebar_name":"Default Sidebar","sidebar_desc":"Sidebar primary widget area"},"2":{"sidebar_name":"Default Footer","sidebar_desc":"Footer primary widget area"},"5":{"sidebar_name":"Shortcodes","sidebar_desc":""},"17":{"sidebar_name":"Shortcodes - post types based","sidebar_desc":""},"18":{"sidebar_name":"Shortcodes - layout elements","sidebar_desc":""},"19":{"sidebar_name":"Shortcodes - typography","sidebar_desc":""},"20":{"sidebar_name":"Shortcodes - images & video","sidebar_desc":""},"21":{"sidebar_name":"More - useful features","sidebar_desc":""},"22":{"sidebar_name":"More - plugins included","sidebar_desc":""},"23":{"sidebar_name":"More - plugins compatibility","sidebar_desc":""}},"top_bar-soc_ico_weibo":"","general-woocommerce_show_mini_cart_in_top_bar":"1","top_bar-font_size":"small","top_bar-padding":"","top_bar-bg_mode":"solid","menu-font_family":"Roboto:500","menu-font_size":17,"menu-font_uppercase":"1","menu-next_level_indicator":false,"menu-font_color":"#3a3a3a","menu-hover_font_color_mode":"color","menu-hover_font_color":"#3a3a3a","menu-hover_font_color_gradient":["#dd3333","#0ce6ab"],"menu-decoration_style":"underline","menu-hover_decoration_color_mode":"accent","menu-hover_decoration_color":"#a7e673","menu-hover_decoration_color_gradient":["#eeee22","#0bed56"],"top_bar-paddings":8,"menu-iconfont_size":14,"menu-images_size":{"width":14,"height":14},"menu-items_distance":26,"menu-bg_mode":"fullwidth_line","menu-bg_color":"#8224e3","menu-top_bottom_paddings":10,"submenu-font_family":"Roboto:500","submenu-font_size":12,"submenu-font_uppercase":"1","submenu-next_level_indicator":"1","submenu-font_color":"#3a3a3a","submenu-hover_font_color_mode":"accent","submenu-hover_font_color":"#895cb8","submenu-hover_font_color_gradient":["#81d742","#eeee22"],"submenu-iconfont_size":12,"submenu-images_size":{"width":14,"height":14},"submenu-items_distance":18,"submenu-bg_color":"#ffffff","submenu-bg_opacity":97,"submenu-bg_width":250,"submenu-parent_clickable":false,"general-accent_color_mode":"gradient","general-accent_bg_color_gradient":["#1ebbf0","#39dfaa"],"header-left_layout_elements":{"top_bar_left":["email","phone","skype"],"top_bar_right":["cart","login","social_icons"],"nav_area":["search"]},"header-center_layout_elements":{"top_bar_left":["email","phone","skype"],"nav_area":["social_icons","cart","search"]},"header-near_logo_font_size":"big","header-near_logo_bg_color":"#3a3a3a","header-classic_layout_elements":{"top_bar_left":["custom_menu"],"top_bar_right":["cart","login"],"logo_area":["address","phone","social_icons"],"nav_area":["search"]},"header-side_paddings":40,"header-side_position":"left","header-side_menu_align":"left","header-side_layout_elements":{"top":["phone","custom_menu"],"bottom":["social_icons","text_area","cart","search"]},"header-woocommerce_cart_icon":"1","header-search_icon":"1","header-search_caption":"Search","header-contact_address":"8500 Beverly Boulevard Los Angeles, CA 90048","header-contact_address_icon":"1","header-contact_phone":"(424) 123-0045","header-contact_phone_icon":"1","header-contact_email":"sales@yoursite.com","header-contact_email_icon":"1","header-contact_skype":"Your_Skype","header-contact_skype_icon":"1","header-contact_clock":"Mon. \u2013 Fri. 10 AM \u2013 8 PM","header-contact_clock_icon":"1","header-contact_info":"","header-contact_info_icon":"1","header-text":"The7 will become a reliable foundation for your new website!","header-left_layout_fullwidth":false,"header-woocommerce_cart_caption":"Cart","header-woocommerce_counter_bg_mode":"accent","header-woocommerce_counter_bg_color":"#6aa1ec","header-woocommerce_counter_bg_color_gradient":["#dd3333","#81d742"],"header-login_icon":"1","header-login_caption":"Login","header-soc_icon_color":"#3a3a3a","header-soc_icon_hover_mode":"color","header-soc_icon_hover_color":"#ffffff","header-soc_icon_color_gradient":["#81d742","#000000"],"header-soc_icons":{"3":{"icon":"pinterest","url":"http:\/\/www.pinterest.com\/dreamtheme\/"},"1":{"icon":"facebook","url":"https:\/\/www.facebook.com\/WordPress.Premium.Theme"},"2":{"icon":"twitter","url":"https:\/\/twitter.com\/premium_theme"},"4":{"icon":"instagram","url":"http:\/\/instagram.com\/dream_theme_photo"}},"header-logo_padding_top":36,"header-logo_padding_bottom":36,"header-soc_icon_hover_color_mode":"color","float_menu-height":70,"float_menu-transparency":100,"header-side_menu_width":"280px","header-side_menu_lines":"0","header-side_menu_lines_color":"#eeeeee","header-left_menu_bg_mode":"content_line","header-left_menu_bg_color":"#ffffff","header-classic_menu_bg_mode":"fullwidth_line","header-classic_menu_bg_color":"#dcdcdc","header-center_menu_bg_mode":"content_line","header-center_menu_bg_color":"#ededed","header-soc_icon_bg_color_mode":"color","header-soc_icon_bg_color":"#ffffff","header-soc_icon_bg_color_gradient":["#8224e3","#43d8c7"],"header-soc_icon_hover_bg_color_mode":"accent","header-soc_icon_hover_bg_color":"#ededed","header-soc_icon_hover_bg_color_gradient":["#ef5689","#a6ff16"],"general-title_size":"h2","general-title_height":90,"general-title_bg_mode":"disabled","general-title_bg_color":"#f7f7f7","general-breadcrumbs_color":"#adb0b6","general-breadcrumbs_bg_color":"disabled","general-title_bg_image":{"image":"","repeat":"repeat","position_x":"center","position_y":"center"},"general-title_bg_fullscreen":false,"general-title_bg_fixed":false,"general-title_bg_parallax":"0","buttons-style":"material","buttons-color_mode":"accent","buttons-color":"#81d742","buttons-color_gradient":["#13aa4a","#84df31"],"buttons-s_border_radius":3,"buttons-m_border_radius":3,"buttons-l_border_radius":4,"general-style":"ios7","general-show_back_button_in_post":"1","general-post_back_button_target_page_id":79,"general-favicon_hd":"\/wp-content\/uploads\/sites\/39\/2015\/09\/the7-new-fav-hd1.gif","general-handheld_icon-old_iphone":"\/wp-content\/uploads\/sites\/39\/2015\/09\/the7-old-iphone1.gif","general-handheld_icon-old_ipad":"\/wp-content\/uploads\/sites\/39\/2015\/09\/the7-old-ipad1.gif","general-handheld_icon-retina_iphone":"\/wp-content\/uploads\/sites\/39\/2015\/09\/the7-iphone-hd1.gif","general-handheld_icon-retina_ipad":"\/wp-content\/uploads\/sites\/39\/2015\/09\/the7-ipad-hd1.gif","general-title_color":"#3b3f4a","general-show_back_button_in_project":"1","general-project_back_button_target_page_id":382,"general-rel_projects_info_date":false,"general-rel_projects_info_author":false,"general-rel_projects_info_comments":false,"general-rel_projects_info_categories":"1","general-rel_projects_zoom":"1","general-rel_projects_appearance":"slider","image_hover-style":"none","image_hover-color_mode":"accent","image_hover-color":"#0ca2e0","image_hover-color_gradient":["#2edded","#0084bb"],"image_hover-opacity":20,"general-next_prev_in_album":"1","general-show_back_button_in_album":"1","general-album_back_button_target_page_id":16237,"general-album_meta_on":"1","general-album_meta_date":"1","general-album_meta_author":false,"general-album_meta_categories":"1","general-album_meta_comments":false,"general-boxed_bg_fixed":"1","sidebar-width":"300px","sidebar-vertical_distance":60,"sidebar-divider-vertical":"1","sidebar-divider-horizontal":"0","header-mobile-first_switch-after":990,"header-mobile-first_switch-logo":"mobile","header-mobile-second_switch-after":500,"header-mobile-second_switch-logo":"mobile","header-mobile-menu_color":"accent","header-mobile-menu_color-background":"#f94dda","header-mobile-menu_color-text":"#000000","general-mobile_logo-regular":["\/inc\/presets\/images\/full\/skin17b.general-mobile-logo-regular.png?w=41&h=64",0],"general-mobile_logo-hd":["\/inc\/presets\/images\/full\/skin17b.general-mobile-logo-hd.png?w=82&h=128",0],"general-mobile_logo-padding_top":"25","general-mobile_logo-padding_bottom":"25","footer-style":"solid_background","footer-slide-out-mode":"0","footer-paddings-top-bottom":50,"bottom-bar-style":"solid_background","footer-paddings-columns":25,"bottom_bar-style":"content_width_line","footer-layout":"1\/3+1\/3+1\/3","footer-collapse_after":768,"gallery-responsiveness-treshold":900,"social_buttons-post-button_title":"Share This Article","social_buttons-portfolio_post-button_title":"Share This Project","social_buttons-photo-button_title":"Share This Photo","social_buttons-page-button_title":"","header-background":"normal","header-menu_text_color":"light","header-menu_hover_color":"light","header-menu_top_bar_color":"theme","header-menu_text_color_mode":"light","header-menu_hover_color_mode":"light","header-menu_top_bar_color_mode":"light","header-bg_opacity":100,"header-bg_fullscreen":false,"header-bg_fixed":false,"header-center_menu_bg_opacity":100,"header-classic_menu_bg_opacity":55,"header-side_menu_lines_opacity":100,"general-bg_fixed":false,"header-style":"solid_background","general-responsiveness-treshold":970,"woocommerce_display_product_info":"wc_btn_on_img","woocommerce_show_product_titles":"1","woocommerce_show_product_price":"1","woocommerce_show_product_rating":"1","woocommerce_show_details_icon":"1","woocommerce_show_cart_icon":"1","woocommerce_shop_template_layout":"grid","woocommerce_shop_template_gap":18,"woocommerce_shop_template_column_min_width":"220","woocommerce_shop_template_columns":5,"woocommerce_shop_template_fullwidth":false,"woocommerce_shop_template_loading_effect":"none","header-side_menu_dropdown_style":"side","header-login_url":"http:\/\/the7.io\/main\/pages\/login\/","general-beautiful_loading":"enabled","header-decoration":"line","header-decoration_color":"#e9e9e9","header-soc_icon_custom_color_outline":"1","sidebar-visual_style":"with_dividers","float_menu-bg_color_mode":"header_color","float_menu-bg_color":"#ffffff","header-floating_menu_animation":"fade","header-side_menu_visibility":"always_visible","header-mobile-top_bar_position":"closed","header-logout_caption":"Logout","woocommerce_rel_products_max":6,"general-content_boxes_bg_mode":"transparent","general-content_boxes_solid_bg_color":"#ffffff","general-hide_plugins_notifications":"1","header-left_layout_elements_visibility":"show","header-center_layout_elements_visibility":"show","header-classic_layout_elements_visibility":"show","header-side_layout_elements_visibility":"show","header-woocommerce_show_cart_subtotal":"1","header-woocommerce_show_counter":"allways","header-woocommerce_counter_color":"#ffffff","stripes-stripe_1_content_boxes_bg_mode":"transparent","stripes-stripe_1_content_boxes_solid_bg_color":"#ffffff","stripes-stripe_2_content_boxes_bg_mode":"transparent","stripes-stripe_2_content_boxes_solid_bg_color":"#ffffff","stripes-stripe_3_content_boxes_bg_mode":"transparent","stripes-stripe_3_content_boxes_solid_bg_color":"#ffffff","general-title_bg_gradient":["#4a66d6","#12b4ea"],"image_hover-default_icon":"big_center","social_buttons-visibility":"allways","image_hover-project_rollover_opacity":85,"general-content_boxes_bg_color":"#f8f8f9","general-content_boxes_bg_opacity":100,"general-content_boxes_decoration":"none","general-content_boxes_decoration_outline_color":"#000000","general-content_boxes_decoration_outline_opacity":0,"general-filter_style":"minimal","general-filter-font-family":"Roboto:700","general-filter-font-size":14,"general-filter_ucase":false,"general-filter-padding-top":6,"general-filter-padding-right":15,"general-filter-padding-bottom":6,"general-filter-padding-left":15,"general-filter-margin-top":0,"general-filter-margin-right":3,"general-filter-margin-bottom":0,"general-filter-margin-left":3,"general-contact_form_style":"minimal","general-slideshow_bullets_style":"accent","general-fullscreen_overlay_color_mode":"color","general-fullscreen_overlay_color":"#ffffff","general-fullscreen_overlay_gradient":["#2edded","#0084bb"],"general-fullscreen_overlay_opacity":100,"general-spinner_color":"#c4c4c4","general-spinner_opacity":100,"general-loader_style":"double_circles","top_bar-font-family":"Roboto:500","top_bar-font-size":13,"top_bar-font-is_capitalized":false,"top_bar-font-color":"#adb0b6","top_bar-paddings-top":5,"top_bar-paddings-bottom":5,"top_bar-paddings-horizontal":0,"top_bar-bg-style":"fullwidth_line","top_bar-bg-color":"#adb0b6","top_bar-bg-opacity":30,"top_bar-bg-image":{"image":"","repeat":"repeat","position_x":"center","position_y":"center"},"header-bg-color":"#ffffff","header-bg-opacity":100,"header-bg-image":{"image":"","repeat":"repeat","position_x":"center","position_y":"center"},"header-bg-is_fullscreen":false,"header-bg-is_fixed":false,"header-decoration-color":"#adb0b6","header-decoration-opacity":30,"header-classic-menu-bg-style":"solid","header-classic-menu-bg-color":"#000000","header-classic-menu-bg-opacity":100,"header-menu_icon-color":"#000000","header-menu_icon-bg-color":"#ffffff","header-menu_icon-bg-opacity":75,"header-menu_icon-hover-color":"#000000","header-menu_icon-hover-bg-color":"#ffffff","header-menu_icon-hover-bg-opacity":75,"header-menu_icon-margin-top":0,"header-menu_icon-margin-bottom":0,"header-menu_icon-margin-left":0,"header-menu_icon-margin-right":0,"header-menu_icon-bg-border-radius":0,"header-mixed-decoration":"shadow","header-mixed-decoration-color":"#dd9933","header-mixed-decoration-opacity":100,"header-mixed-bg-color":"#ffffff","header-mixed-bg-opacity":100,"header-slide_out-overlay-bg-color-style":"color","header-slide_out-overlay-bg-color":"#111111","header-slide_out-overlay-bg-gradient":["#cdb7e2","#821482"],"header-slide_out-overlay-bg-opacity":40,"header-slide_out-overlay-blur":"0","header-slide_out-overlay-x_cursor":"1","header-slide_out-overlay-x_cursor-color":"#ffffff","header-slide_out-overlay-x_cursor-opacity":100,"header-show_floating_navigation":"1","header-floating_navigation-style":"fade","header-floating_navigation-show_after":94,"header-floating_navigation-height":60,"header-floating_navigation-bg-color":"#ffffff","header-floating_navigation-bg-opacity":100,"header-floating_navigation-decoration":"line","header-floating_navigation-decoration-color":"#adb0b6","header-floating_navigation-decoration-opacity":30,"header-menu-font-family":"Roboto:700","header-menu-font-size":16,"header-menu-font-is_capitalized":false,"header-menu-subtitle-font-family":"Arial:400italic","header-menu-subtitle-font-size":11,"header-menu-font-color":"#3b3f4a","header-menu-hover-font-color-style":"color","header-menu-hover-font-color":"#3b3f4a","header-menu-hover-font-gradient":["#8224e3","#751257"],"header-menu-active_item-font-color-style":"color","header-menu-active_item-font-color":"#3b3f4a","header-menu-active_item-font-gradient":["#ffffff","#000000"],"header-menu-icon-size":14,"header-menu-show_next_lvl_icons":false,"header-menu-item-padding-top":4,"header-menu-item-padding-right":4,"header-menu-item-padding-bottom":4,"header-menu-item-padding-left":4,"header-menu-item-margin-top":18,"header-menu-item-margin-right":14,"header-menu-item-margin-bottom":18,"header-menu-item-margin-left":14,"header-menu-item-surround_margins-style":"disabled","header-menu-item-surround_margins-custom-margin":30,"header-menu-decoration-other-links-is_justified":"1","header-menu-show_dividers":"0","header-menu-dividers-height-style":"custom","header-menu-dividers-height":24,"header-menu-dividers-surround":"0","header-menu-dividers-color":"#111111","header-menu-dividers-opacity":14,"header-menu-decoration-style":"underline","header-menu-decoration-underline-direction":"left_to_right","header-menu-decoration-underline-color-style":"accent","header-menu-decoration-underline-color":"#1e73be","header-menu-decoration-underline-gradient":["#ffffff","#000000"],"header-menu-decoration-other-hover-style":"background","header-menu-decoration-other-hover-color-style":"accent","header-menu-decoration-other-hover-color":"#ffffff","header-menu-decoration-other-hover-gradient":["#ffffff","#000000"],"header-menu-decoration-other-opacity":15,"header-menu-decoration-other-hover-line":"0","header-menu-decoration-other-hover-line-color-style":"gradient","header-menu-decoration-other-hover-line-color":"#dd3333","header-menu-decoration-other-hover-line-gradient":["#ffffff","#000000"],"header-menu-decoration-other-hover-line-opacity":23,"header-menu-decoration-other-active-style":"background","header-menu-decoration-other-active-color-style":"accent","header-menu-decoration-other-active-color":"#ffffff","header-menu-decoration-other-active-gradient":["#ffffff","#000000"],"header-menu-decoration-other-active-opacity":15,"header-menu-decoration-other-active-line":"0","header-menu-decoration-other-active-line-color-style":"color","header-menu-decoration-other-active-line-color":"#8224e3","header-menu-decoration-other-active-line-gradient":["#dd3333","#81d742"],"header-menu-decoration-other-active-line-opacity":30,"header-menu-decoration-other-click_decor":"1","header-menu-decoration-other-click_decor-color-style":"accent","header-menu-decoration-other-click_decor-color":"#ffffff","header-menu-decoration-other-click_decor-gradient":["#ffffff","#000000"],"header-menu-decoration-other-click_decor-opacity":20,"header-menu-decoration-other-border-radius":3,"header-menu-submenu-font-family":"Roboto:500","header-menu-submenu-font-size":13,"header-menu-submenu-font-is_uppercase":false,"header-menu-submenu-subtitle-font-family":"Arial:400italic","header-menu-submenu-subtitle-font-size":10,"header-menu-submenu-font-color":"#3b3f4a","header-menu-submenu-hover-font-color-style":"accent","header-menu-submenu-hover-font-color":"#895cb8","header-menu-submenu-hover-font-gradient":["#81d742","#eeee22"],"header-menu-submenu-active-font-color-style":"accent","header-menu-submenu-active-font-color":"#ffffff","header-menu-submenu-active-font-gradient":["#ffffff","#000000"],"header-menu-submenu-icon-size":14,"header-menu-submenu-show_next_lvl_icons":"1","header-menu-submenu-parent_is_clickable":false,"header-menu-submenu-item-padding-top":8,"header-menu-submenu-item-padding-right":10,"header-menu-submenu-item-padding-bottom":8,"header-menu-submenu-item-padding-left":10,"header-menu-submenu-item-margin-top":0,"header-menu-submenu-item-margin-right":0,"header-menu-submenu-item-margin-bottom":0,"header-menu-submenu-item-margin-left":0,"header-menu-submenu-bg-color":"#ffffff","header-menu-submenu-bg-opacity":100,"header-menu-submenu-bg-width":260,"header-menu-submenu-bg-hover":"background","header-side-menu-submenu-position":"down","header-elements-near_menu-font_family":"Roboto:500","header-elements-near_menu-font_size":13,"header-elements-near_menu-font_color":"#3b3f4a","header-elements-near_logo-font_family":"Open Sans:600","header-elements-near_logo-font_size":14,"header-elements-near_logo-font_color":"#393940","header-elements-woocommerce_cart-caption":"","header-elements-woocommerce_cart-icon":"1","header-elements-woocommerce_cart-show_subtotal":"1","header-elements-woocommerce_cart-show_counter":"allways","header-elements-woocommerce_cart-counter-style":"round","header-elements-woocommerce_cart-counter-color":"#ffffff","header-elements-woocommerce_cart-counter-bg":"accent","header-elements-woocommerce_cart-counter-bg-color":"#000000","header-elements-woocommerce_cart-counter-bg-gradient":["#37a0fe","#6b5ffd"],"header-elements-search-caption":"","header-elements-search-icon":"1","header-elements-contact-address-caption":"8500 Beverly Boulevard Los Angeles, CA 90048","header-elements-contact-address-icon":"1","header-elements-contact-phone-caption":"011 322 44 56","header-elements-contact-phone-icon":"1","header-elements-contact-email-caption":"sales@yoursite.com","header-elements-contact-email-icon":"1","header-elements-contact-skype-caption":"Your_Skype","header-elements-contact-skype-icon":"1","header-elements-contact-clock-caption":"Monday \u2013 Friday 10 AM \u2013 8 PM","header-elements-contact-clock-icon":"1","header-elements-login-caption":"Login","header-elements-logout-caption":"Logout","header-elements-login-icon":"1","header-elements-login-url":"http:\/\/themeforest.net","header-elements-text":"Some call to action text goes here!","header-elements-soc_icons-color":"#adb0b6","header-elements-soc_icons-bg":"color","header-elements-soc_icons-bg-color":"#adb0b6","header-elements-soc_icons-bg-gradient":["#ffffff","#000000"],"header-elements-soc_icons-hover-color":"#ffffff","header-elements-soc_icons-hover-bg":"accent","header-elements-soc_icons-hover-bg-color":"#15bfe6","header-elements-soc_icons-hover-bg-gradient":["#ffffff","#000000"],"header-elements-soc_icons":[{"icon":"facebook","url":""},{"icon":"facebook","url":"\/"},{"icon":"twitter","url":"\/"},{"icon":"google","url":"\/"},{"icon":"dribbble","url":"\/"}],"header-classic-show_elements":"1","header-classic-elements":{"top_bar_left":["custom_menu","cart"],"top_bar_right":["search"],"near_menu_right":["social_icons"],"near_logo_right":["phone","email"]},"header-classic-elements-near_menu_right-padding-right":0,"header-classic-elements-near_menu_right-padding-left":40,"header-classic-elements-near_logo_left-padding-right":0,"header-classic-elements-near_logo_left-padding-left":0,"header-classic-elements-near_logo_right-padding-right":0,"header-classic-elements-near_logo_right-padding-left":0,"header-classic-logo-position":"left","header-classic-menu-position":"left","header-classic-height":180,"header-classic-is_fullwidth":"0","header-inline-show_elements":"1","header-inline-elements":{"near_menu_right":["cart","search"]},"header-inline-elements-near_menu_right-padding-right":0,"header-inline-elements-near_menu_right-padding-left":5,"header-inline-menu-position":"center","header-inline-height":90,"header-inline-is_fullwidth":"0","header-split-show_elements":"1","header-split-elements":{"near_menu_left":["search"],"near_menu_right":["cart"]},"header-split-elements-near_menu_left-padding-right":20,"header-split-elements-near_menu_left-padding-left":20,"header-split-elements-near_menu_right-padding-right":20,"header-split-elements-near_menu_right-padding-left":20,"header-split-menu-position":"outside","header-split-height":100,"header-split-is_fullwidth":"0","header-side-show_elements":"1","header-side-elements":{"below_menu":["social_icons","email","skype"]},"header-side-elements-below_menu-padding-top":0,"header-side-elements-below_menu-padding-right":35,"header-side-elements-below_menu-padding-bottom":0,"header-side-elements-below_menu-padding-left":35,"header-side-position":"right","header-side-width":"300px","header-side-content-width":"300px","header-side-content-position":"center","header-side-content-padding-top":50,"header-side-content-padding-right":0,"header-side-content-padding-bottom":40,"header-side-content-padding-left":0,"header-side-menu-position":"v_top","header-side-logo-position":"inside","header-side-menu-padding-top":50,"header-side-menu-padding-bottom":50,"header-side-menu-items_alignment":"center","header-side-menu-items_link":"fullwidth","header-slide_out-show_elements":"1","header-slide_out-elements":{"side_top_line":["phone","email","skype"]},"header-slide_out-elements-top_line-padding-right":40,"header-slide_out-elements-top_line-padding-left":40,"header-slide_out-elements-side_line-padding-top":0,"header-slide_out-elements-side_line-padding-bottom":0,"header-slide_out-elements-below_menu-padding-top":0,"header-slide_out-elements-below_menu-padding-right":0,"header-slide_out-elements-below_menu-padding-bottom":0,"header-slide_out-elements-below_menu-padding-left":0,"header-slide_out-layout":"menu_icon","header-slide_out-layout-menu_icon-show_floating_logo":"1","header-slide_out-layout-top_line-height":90,"header-slide_out-layout-top_line-is_fullwidth":"1","header-slide_out-layout-top_line-logo-position":"left","header-slide_out-layout-side_line-width":60,"header-slide_out-layout-side_line-position":"under","header-slide_out-position":"left","header-slide_out-overlay-animation":"fade","header-slide_out-width":"400px","header-slide_out-content-width":"350px","header-slide_out-content-position":"center","header-slide_out-content-padding-top":50,"header-slide_out-content-padding-right":0,"header-slide_out-content-padding-bottom":50,"header-slide_out-content-padding-left":0,"header-slide_out-menu-position":"v_top","header-slide_out-logo-position":"fully_inside","header-slide_out-menu-padding-top":40,"header-slide_out-menu-padding-bottom":40,"header-slide_out-menu-items_alignment":"center","header-slide_out-menu-items_link":"fullwidth","header-overlay-show_elements":"1","header-overlay-elements":{"side_top_line":["social_icons","text_area","phone"],"below_menu":["search","cart"]},"header-overlay-elements-top_line-padding-right":40,"header-overlay-elements-top_line-padding-left":40,"header-overlay-elements-side_line-padding-top":0,"header-overlay-elements-side_line-padding-bottom":0,"header-overlay-elements-below_menu-padding-top":0,"header-overlay-elements-below_menu-padding-right":0,"header-overlay-elements-below_menu-padding-bottom":0,"header-overlay-elements-below_menu-padding-left":0,"header-overlay-layout":"menu_icon","header-overlay-layout-menu_icon-show_floating_logo":"1","header-overlay-layout-top_line-height":130,"header-overlay-layout-top_line-is_fullwidth":"0","header-overlay-layout-top_line-logo-position":"left","header-overlay-layout-side_line-width":60,"header-overlay-content-width":"300px","header-overlay-content-position":"center","header-overlay-content-padding-top":0,"header-overlay-content-padding-right":0,"header-overlay-content-padding-bottom":0,"header-overlay-content-padding-left":0,"header-overlay-menu-position":"v_center","header-overlay-logo-position":"fully_inside","header-overlay-menu-padding-top":40,"header-overlay-menu-padding-bottom":40,"header-overlay-menu-items_alignment":"center","header-overlay-menu-items_link":"fullwidth","header-mobile-first_switch-layout":"right_left","header-mobile-first_switch-height":60,"header-mobile-second_switch-layout":"right_left","header-mobile-second_switch-height":60,"header-mobile-floating_navigation":"menu_icon","header-mobile-menu-font-family":"Roboto:700","header-mobile-menu-font-size":16,"header-mobile-menu-font-is_capitalized":false,"header-mobile-submenu-font-family":"Roboto:500","header-mobile-submenu-font-size":13,"header-mobile-submenu-font-is_capitalized":false,"header-mobile-menu-font-color":"#3b3f4a","header-mobile-menu-font-hover-color-style":"accent","header-mobile-menu-font-hover-color":"#3c3e45","header-mobile-menu-font-hover-gradient":["#b78ce2","#1e73be"],"header-mobile-menu-bg-color":"#ffffff","header-mobile-menu-bg-opacity":100,"header-mobile-menu-bg-width":330,"header-mobile-menu-align":"right","header-logo-padding-top":0,"header-logo-padding-right":5,"header-logo-padding-bottom":0,"header-logo-padding-left":0,"header-style-transparent-logo_regular":["\/inc\/presets\/images\/full\/skin11r.header-style-transparent-logo-regular.png?w=57&h=57",0],"header-style-transparent-logo_hd":["\/inc\/presets\/images\/full\/skin11r.header-style-transparent-logo-hd.png?w=114&h=114",0],"header-style-transparent-logo-padding-top":0,"header-style-transparent-logo-padding-right":5,"header-style-transparent-logo-padding-bottom":0,"header-style-transparent-logo-padding-left":0,"header-style-mixed-logo_regular":["",0],"header-style-mixed-logo_hd":["",0],"header-style-mixed-logo-padding-top":0,"header-style-mixed-logo-padding-right":0,"header-style-mixed-logo-padding-bottom":0,"header-style-mixed-logo-padding-left":0,"header-style-floating-choose_logo":"custom","header-style-floating-logo_regular":["\/inc\/presets\/images\/full\/skin07s.header-style-floating-logo-regular.png?w=146&h=28",0],"header-style-floating-logo_hd":["\/inc\/presets\/images\/full\/skin07s.header-style-floating-logo-hd.png?w=292&h=56",0],"header-style-floating-logo-padding-top":0,"header-style-floating-logo-padding-right":21,"header-style-floating-logo-padding-bottom":0,"header-style-floating-logo-padding-left":0,"header-style-mobile-logo_regular":["\/inc\/presets\/images\/full\/skin07s.header-style-mobile-logo-regular.png?w=146&h=28",0],"header-style-mobile-logo_hd":["\/inc\/presets\/images\/full\/skin07s.header-style-mobile-logo-hd.png?w=292&h=56",0],"header-style-mobile-logo-padding-top":0,"header-style-mobile-logo-padding-right":0,"header-style-mobile-logo-padding-bottom":0,"header-style-mobile-logo-padding-left":0,"bottom_bar-logo-padding-top":8,"bottom_bar-logo-padding-right":12,"bottom_bar-logo-padding-bottom":8,"bottom_bar-logo-padding-left":0,"stripes-stripe_1_outline":"hide","stripes-stripe_1_outline_color":"#44bb70","stripes-stripe_1_outline_opacity":100,"stripes-stripe_1_content_boxes_bg_color":"#ffffff","stripes-stripe_1_content_boxes_bg_opacity":100,"stripes-stripe_1_content_boxes_decoration":"none","stripes-stripe_1_content_boxes_decoration_outline_color":"#dd3333","stripes-stripe_1_content_boxes_decoration_outline_opacity":100,"stripes-stripe_2_outline":"hide","stripes-stripe_2_outline_color":"#ffffff","stripes-stripe_2_outline_opacity":15,"stripes-stripe_2_content_boxes_bg_color":"#ffffff","stripes-stripe_2_content_boxes_bg_opacity":10,"stripes-stripe_2_content_boxes_decoration":"none","stripes-stripe_2_content_boxes_decoration_outline_color":"#ffffff","stripes-stripe_2_content_boxes_decoration_outline_opacity":15,"stripes-stripe_3_outline":"hide","stripes-stripe_3_outline_color":"#252728","stripes-stripe_3_outline_opacity":100,"stripes-stripe_3_content_boxes_bg_color":"#ffffff","stripes-stripe_3_content_boxes_bg_opacity":10,"stripes-stripe_3_content_boxes_decoration":"none","stripes-stripe_3_content_boxes_decoration_outline_color":"#ffffff","stripes-stripe_3_content_boxes_decoration_outline_opacity":19,"sidebar-decoration":"none","sidebar-decoration_outline_color":"#000000","sidebar-decoration_outline_opacity":6,"footer-decoration":"none","footer-decoration_outline_color":"#81d742","footer-decoration_outline_opacity":96,"page_title-padding-top":70,"page_title-padding-bottom":0,"page_title-background-style-transparent-color_scheme":"light","general-title_bg_opacity":100,"general-title_decoration":"none","general-title_decoration_outline_color":"#1e73be","general-title_decoration_outline_opacity":0,"buttons-hover_color_mode":"accent","buttons-hover_color":"#81d742","buttons-hover_color_gradient":["#68adfa","#9d69f9"],"buttons-text_color_mode":"color","buttons-text_color":"#ffffff","buttons-text_hover_color_mode":"color","buttons-text_hover_color":"#ffffff","image_hover-onclick_animation":false,"image_hover-project_icons_style":"outline","image_hover-album_miniatures_style":"style_2","image_hover-project_rollover_color_mode":"accent","image_hover-project_rollover_color":"#000000","image_hover-project_rollover_color_gradient":["#2edded","#0084bb"],"woocommerce_add_to_cart_position":"on_image","general-custom_loader":"","header-elements-woocommerce_cart-show_sub_cart":"1","footer-padding-top":50,"footer-padding-bottom":15,"header-elements-text-2":"Some call to action text goes here!","header-elements-text-3":"Some call to action text goes here!","header-elements-soc_icons-bg-opacity":17,"header-elements-soc_icons-bg-hover-opacity":100,"header-elements-contact-address-second-header-switch":"in_menu","header-elements-contact-phone-second-header-switch":"in_menu","header-elements-contact-email-second-header-switch":"in_menu","header-elements-contact-skype-second-header-switch":"in_menu","header-elements-contact-clock-second-header-switch":"in_menu","header-elements-login-second-header-switch":"in_menu","header-elements-text-second-header-switch":"in_menu","header-elements-text-2-second-header-switch":"in_menu","header-elements-text-3-second-header-switch":"in_menu","header-elements-menu-second-header-switch":"hidden","header-elements-woocommerce_cart-second-header-switch":"in_menu","header-elements-soc_icons-second-header-switch":"in_menu","header-elements-search-second-header-switch":"near_logo","general-side_content_paddings":50,"general-switch_content_paddings":768,"general-mobile_side_content_paddings":20,"general-images_lazy_loading":"1","header-classic-icons_style":"bold","header-inline-icons_style":"bold","header-split-icons_style":"light","header-side-icons_style":"light","header-slide_out-icons_style":"light","header-overlay-icons_style":"light","general-filter_style-minimal-border_radius":100,"general-filter_style-material-line_size":2,"blog-thumbnail_size":"resize","blog-thumbnail_proportions":{"width":2,"height":1},"modules-portfolio-status":"enabled","modules-testimonials-status":"enabled","modules-team-status":"enabled","modules-logos-status":"enabled","modules-benefits-status":"enabled","modules-albums-status":"enabled","modules-slideshow-status":"enabled","bottom_bar-enabled":"1","dividers-color":"#adb0b6","dividers-opacity":30,"header-classic-elements-near_menu_right-padding-top":0,"header-classic-elements-near_menu_right-padding-bottom":0,"header-classic-elements-near_logo_left-padding-top":0,"header-classic-elements-near_logo_left-padding-bottom":0,"header-classic-elements-near_logo_right-padding-top":0,"header-classic-elements-near_logo_right-padding-bottom":0,"header-inline-elements-near_menu_right-padding-top":0,"header-inline-elements-near_menu_right-padding-bottom":0,"header-split-elements-near_menu_left-padding-top":0,"header-split-elements-near_menu_left-padding-bottom":0,"header-split-elements-near_menu_right-padding-top":0,"header-split-elements-near_menu_right-padding-bottom":0,"header-slide_out-elements-top_line-padding-top":0,"header-slide_out-elements-top_line-padding-bottom":0,"header-overlay-elements-top_line-padding-top":0,"header-overlay-elements-top_line-padding-bottom":0,"header-classic-menu-margin-top":0,"header-classic-menu-margin-bottom":0,"header-elements-woocommerce_cart-on-desktops":"show","header-elements-woocommerce_cart-first-header-switch":"near_logo","header-elements-search-on-desktops":"show","header-elements-search-first-header-switch":"near_logo","header-elements-contact-address-on-desktops":"show","header-elements-contact-address-first-header-switch":"near_logo","header-elements-contact-phone-on-desktops":"show","header-elements-contact-phone-first-header-switch":"near_logo","header-elements-contact-email-on-desktops":"show","header-elements-contact-email-first-header-switch":"near_logo","header-elements-contact-skype-on-desktops":"show","header-elements-contact-skype-first-header-switch":"near_logo","header-elements-contact-clock-on-desktops":"show","header-elements-contact-clock-first-header-switch":"near_logo","header-elements-login-on-desktops":"show","header-elements-login-first-header-switch":"near_logo","header-elements-text-on-desktops":"show","header-elements-text-first-header-switch":"near_logo","header-elements-text-2-on-desktops":"show","header-elements-text-2-first-header-switch":"near_logo","header-elements-text-3-on-desktops":"show","header-elements-text-3-first-header-switch":"near_logo","header-elements-menu-on-desktops":"show","header-elements-menu-first-header-switch":"near_logo","header-elements-soc_icons-on-desktops":"show","header-elements-soc_icons-first-header-switch":"near_logo","general-navigation_margin":50,"content-secondary_text_color":"#adb0b6","template_page_id_author":79,"template_page_id_date":79,"template_page_id_blog_category":79,"template_page_id_blog_tags":79,"template_page_id_portfolio_category":79,"template_page_id_gallery_category":79,"template_page_id_search":0,"header-menu_icon-size":"medium","blog-fancy_date-style":"circle","post-show_fancy_date":"1","post-show_fancy_categories":"1","general-page_content_top_margin":70,"general-page_content_bottom_margin":70,"header-menu_icon-bg-size":54,"header-menu-decoration-underline-line_size":"2","header-menu-decoration-other-line_size":"2","sidebar-distance_to_content":50,"sidebar-responsiveness":970,"wc_view_mode":"view_mode","woocommerce_shop_template_layout_default":"masonry_grid_default","woocommerce_shop_template_isotope":"grid","woocommerce_shop_template_responsiveness":"browser_width_based","woocommerce_shop_template_bwb_columns":{"desktop":3,"h_tablet":3,"v_tablet":2,"phone":1},"woocommerce_shop_template_img_width":"50%","woocommerce_list_switch":778,"woocommerce_hover_image":"1","woocommerce_show_masonry_desc":"0","woocommerce_show_list_desc":"1","woocommerce_product_img_width":"50%","woocommerce_product_switch":778,"woocommerce_cart_total_width":"50%","woocommerce_cart_switch":778,"woocommerce_show_steps":"0","woocommerce_steps_bg_color":"#ffffff","woocommerce_steps-bg_opacity":100,"woocommerce_steps_color":"#3b3f4a","woocommerce_cart_top_padding":30,"woocommerce_cart_bottom_padding":30,"input_height":38,"input_border_radius":0,"input_color":"#787d85","input_border_color":"#adb0b6","input_border_opacity":30,"input_bg_color":"#fcfcfc","input_bg_opacity":100,"buttons-s_padding-top":8,"buttons-s_padding-right":14,"buttons-s_padding-bottom":7,"buttons-s_padding-left":14,"buttons-m_padding-top":12,"buttons-m_padding-right":18,"buttons-m_padding-bottom":11,"buttons-m_padding-left":18,"buttons-l_padding-top":17,"buttons-l_padding-right":24,"buttons-l_padding-bottom":16,"buttons-l_padding-left":24,"social_buttons-product-button_title":"Share this product","social_buttons-product":["twitter","facebook","google+","pinterest","linkedin"]},"wp_settings":{"show_on_front":"page","page_on_front":"32085","page_for_posts":"0"},"widgets_settings":{"widget_calendar":{"2":{"title":"Calendar"},"_multiwidget":1},"widget_archives":{"3":{"title":"Archives","count":0,"dropdown":0},"_multiwidget":1},"widget_meta":{"3":{"title":"Meta"},"_multiwidget":1},"widget_search":{"2":{"title":"Search"},"_multiwidget":1},"widget_text":{"2":{"title":"Text","text":"Aenean tempor orci libero, in sodales sem mattis in. Nullam eget nulla congue, accumsan justo nec, porttitor eros. Mauris a purus ipsum. Aenean tempor orci libero, in sodales sem mattis in. Nullam eget nulla congue, accumsan justo nec, porttitor eros. Mauris a purus ipsum.","filter":false},"_multiwidget":1},"widget_categories":{"3":{"title":"Categories","count":0,"hierarchical":0,"dropdown":0},"_multiwidget":1},"widget_recent-posts":{"3":{"title":"Recent posts","number":5,"show_date":false},"_multiwidget":1},"widget_recent-comments":{"2":{"title":"Recent comments","number":5},"3":{"title":"","number":5},"_multiwidget":1},"widget_tag_cloud":{"2":{"title":"Tag cloud","taxonomy":"post_tag"},"_multiwidget":1},"widget_nav_menu":{"2":{"title":"Custom menu","nav_menu":44},"_multiwidget":1},"widget_tp_widget_recent_tweets":{"5":{"title":"","consumerkey":"xuDL3ZxRJdvVfmzlswQYog","consumersecret":"KgZSmQ1y6Ks8rA2M1MLlXH3VaTaNHZh3eQIfhLEhtlM","accesstoken":"204316672-6sbp7m77UZH92lqdYb6Vt9VvKidGssOmlRHyBT7X","accesstokensecret":"fP1iyDElj2l1BZT6mflzDNNQwo3a4MuYtlQkGViQhg","cachetime":"1","username":"premium_theme","tweetstoshow":"5","excludereplies":"true"},"6":{"title":"","consumerkey":"xuDL3ZxRJdvVfmzlswQYog","consumersecret":"KgZSmQ1y6Ks8rA2M1MLlXH3VaTaNHZh3eQIfhLEhtlM","accesstoken":"204316672-6sbp7m77UZH92lqdYb6Vt9VvKidGssOmlRHyBT7X","accesstokensecret":"fP1iyDElj2l1BZT6mflzDNNQwo3a4MuYtlQkGViQhg","cachetime":"1","username":"premium_theme","tweetstoshow":"4","excludereplies":"true"},"_multiwidget":1},"widget_rev-slider-widget":{"1":[],"_multiwidget":1},"widget_woocommerce_widget_cart":{"2":{"title":"CART","hide_if_empty":"1"},"_multiwidget":1},"widget_woocommerce_layered_nav_filters":{"2":{"title":"ACTIVE FILTERS"},"_multiwidget":1},"widget_woocommerce_layered_nav":{"2":{"title":"FILTER BY SIZE","attribute":"color","display_type":"dropdown","query_type":"or"},"_multiwidget":1},"widget_woocommerce_price_filter":{"2":{"title":"FILTER BY PRICE"},"_multiwidget":1},"widget_woocommerce_product_categories":{"3":{"title":"CATEGORIES","orderby":"order","dropdown":0,"count":"1","hierarchical":"1","show_children_only":0},"_multiwidget":1},"widget_woocommerce_product_search":{"2":{"title":"SEARCH"},"3":{"title":"SEARCH"},"_multiwidget":1},"widget_woocommerce_products":{"2":{"title":"FEATURED","number":"4","show":"featured","orderby":"date","order":"desc","hide_free":0,"show_hidden":0},"4":{"title":"NEW PRODUCTS","number":"3","show":"","orderby":"date","order":"desc","hide_free":0,"show_hidden":0},"_multiwidget":1},"widget_woocommerce_recent_reviews":{"3":{"title":"RECENT REVIEWS","number":"3"},"_multiwidget":1},"widget_woocommerce_recently_viewed_products":{"2":{"title":"RECENTLY VIEWED","number":"4"},"3":{"title":"RECENTLY VIEWED","number":"4"},"_multiwidget":1},"widget_woocommerce_top_rated_products":{"3":{"title":"TOP RATED PRODUCTS","number":"4"},"_multiwidget":1},"widget_presscore-contact-info-widget":{"2":{"title":"DT-Contact info","text":"Aliquam mollis massa nec varius lacinia. Pellentesque nec bibendum leo, sit amet suscipit risus. Donec ullamcorper quis eros quis adipiscing.","links":{"facebook":"\/","twitter":"\/","google":"\/","dribbble":"\/","you-tube":"\/","rss":"\/","delicious":"\/","flickr":"\/","forrst":"\/","lastfm":"\/","linkedin":"\/","vimeo":"\/","tumbler":"\/","pinterest":"\/","devian":"\/","skype":"\/","github":"\/","instagram":"\/","stumbleupon":"\/","behance":"\/","mail":"\/","website":"\/","px-500":"\/","tripedvisor":"\/","vk":"\/","foursquare":"\/","xing":"\/","weibo":"\/"},"fields":[{"title":"Address:","content":"102580 Santa Monica BLVD Los Angeles"},{"title":"Phone number:","content":"+3 045 224 33 12"},{"title":"E-mail:","content":"info@yourmail.com"}]},"3":{"title":"CONTACT INFO","text":"<a href=\"http:\/\/themeforest.net\/user\/Dream-Theme\/portfolio\"><img alt=\"testbanner\" src=\"http:\/\/the7.io\/main\/wp-content\/uploads\/sites\/39\/2014\/04\/widgets-cont.jpg\" width=\"270\" height=\"90\" style=\"margin: 5px 0 15px 0;max-width: 100%;height: auto\" \/><\/a>\r\n\r\n<p>Our creative team is always ready for new awesome projects. Get in touch - let's work together and create something special!<\/p>","links":{"facebook":"","twitter":"","google":"","dribbble":"","you-tube":"","rss":"","delicious":"","flickr":"","forrst":"","lastfm":"","linkedin":"","vimeo":"","tumbler":"","pinterest":"","devian":"","skype":"","github":"","instagram":"","stumbleupon":"","behance":"","mail":"","website":"","px-500":"","tripedvisor":"","vk":"","foursquare":"","xing":"","weibo":""},"fields":[{"title":"Address:","content":"1240 Beverly Hills Lane Berry 90210"},{"title":"Phone numbers:","content":"+98 765 43 00 21, +12 34 560 07 89"}]},"4":{"title":"Contact Us","text":"","links":{"facebook":"\/","twitter":"\/","google":"\/","dribbble":"\/","you-tube":"\/","rss":"","delicious":"\/","flickr":"\/","forrst":"","lastfm":"","linkedin":"","vimeo":"","tumbler":"","pinterest":"","devian":"","skype":"","github":"","instagram":"","stumbleupon":"","behance":"","mail":"","website":"","px-500":"","tripedvisor":"","vk":"","foursquare":"","xing":"","weibo":"","odnoklassniki":"","research-gate":"","yelp":"","blogger":"","soundcloud":""},"fields":[{"title":"Phone numbers:","content":"+12 345 67 00 89, +12 987 00 65 43"},{"title":"E-mail:","content":"sales@your-site.com"},{"title":"Business hours:","content":"Monday - Friday 10 AM - 6 PM"}]},"_multiwidget":1},"widget_presscore-custom-menu-1":{"7":{"title":"Custom menu style 1","menu":"449"},"8":{"title":"","menu":"423"},"9":{"title":"","menu":"427"},"10":{"title":"","menu":"422"},"11":{"title":"","menu":"425"},"12":{"title":"","menu":"456"},"13":{"title":"","menu":"420"},"14":{"title":"","menu":"419"},"_multiwidget":1},"widget_presscore-custom-menu-2":{"3":{"title":"TYPOGRAPHY","menu":"422"},"5":{"title":"POST TYPES BASED","menu":"423"},"6":{"title":"IMAGES & VIDEO","menu":"425"},"7":{"title":"LAYOUT ELEMENTS","menu":"427"},"9":{"title":"PREMIUM PLUGINS INCLUDED","menu":"420"},"10":{"title":"COMPATIBLE WITH","menu":"419"},"12":{"title":"Custom menu style 2","menu":"449"},"_multiwidget":1},"widget_presscore-blog-posts":{"4":{"title":"DT-Blog posts","order":"DESC","orderby":"date","show":4,"select":"only","cats":["1"],"thumbnails":1,"images_dimensions":{"w":60,"h":60},"round_images":1,"show_excerpts":0},"7":{"title":"Recent Posts","order":"DESC","orderby":"date","show":5,"select":"all","cats":[],"thumbnails":1,"images_dimensions":{"w":65,"h":50},"round_images":0,"show_excerpts":0},"9":{"title":"Recent Posts","order":"DESC","orderby":"date","show":3,"select":"all","cats":["3"],"thumbnails":1,"round_images":0,"images_dimensions":{"w":65,"h":50},"show_excerpts":0},"_multiwidget":1},"widget_presscore-blog-categories":{"2":{"title":"DT-Blog categories","select":"all","cats":["2"]},"5":{"title":"","select":"all","cats":[]},"6":{"title":"","select":"all","cats":[]},"7":{"title":"","select":"all","cats":[]},"8":{"title":"Blog categories","select":"all","cats":[]},"9":{"title":"Blog Categories","select":"all","cats":[]},"_multiwidget":1},"widget_presscore-progress-bars-widget":{"2":{"title":"DT-Progress bars","text":"Lorem ipsum dolor sit amet, consectetur adipiscing elit. Phasellus vitae magna a nisi scelerisque dictum vel vel lacus lorem ipsum.","fields":{"0":{"title":"Default color","percent":95,"color":"","show_percent":true},"1":{"title":"Blue","percent":70,"color":"#20a4fc","show_percent":true},"2":{"title":"Green","percent":57,"color":"#7fed3b","show_percent":true},"4":{"title":"Red","percent":42,"color":"#ff145a","show_percent":true},"6":{"title":"Orange","percent":36,"color":"#ff9000","show_percent":true}}},"3":{"title":"Our Exprience","text":"","fields":[{"title":"Photography - 10 years","percent":100,"color":"","show_percent":false},{"title":"Web Design - 8 years","percent":80,"color":"","show_percent":false},{"title":"Marketing - 7 years","percent":70,"color":"","show_percent":false},{"title":"Consulting - 5 years","percent":50,"color":"","show_percent":false}]},"4":{"title":"Progress bars","text":"","fields":[{"title":"Desgn","percent":90,"color":"#18dd95","show_percent":true},{"title":"Codding","percent":80,"color":"#a3ce08","show_percent":true}]},"_multiwidget":1},"widget_presscore-contact-form-widget":{"3":{"title":"DT-Contact form","text":"Aenean tempor orci libero, in sodales sem mattis in. Nullam eget nulla congue, accumsan justo nec, porttitor eros. Mauris a purus ipsum.","fields":{"name":{"on":true,"required":true},"email":{"on":true,"required":true},"telephone":{"on":true,"required":false},"country":{"on":true,"required":false},"city":{"on":true,"required":false},"company":{"on":true,"required":false},"website":{"on":true,"required":false},"message":{"on":true,"required":false}},"send_to":"irina@forge.com.ua","msg_height":6,"button_size":"m","button_title":""},"4":{"title":"Conract form","text":"","fields":{"name":{"on":true,"required":true},"email":{"on":true,"required":true},"telephone":{"on":false,"required":false},"country":{"on":false,"required":false},"city":{"on":false,"required":false},"company":{"on":false,"required":false},"website":{"on":false,"required":false},"message":{"on":true,"required":false}},"send_to":"","msg_height":6,"button_size":"m","button_title":""},"_multiwidget":1},"widget_presscore-accordion-widget":{"3":{"title":"DT-Accordion","fields":[{"title":"Programming","content":"Lorem ipsum dolor sit amet, consectetur adipiscing elit. Phasellus vitae magna a nisi scelerisque dictum vel vel lacus. Ut porttitor quam quis purus lobortis volutpat."},{"title":"Coding","content":"Donec ullamcorper quis eros quis adipiscing. Aenean tempor orci libero, in sodales sem mattis in. Nullam eget nulla congue, accumsan justo nec, porttitor eros. Mauris a purus ipsum."},{"title":"Design","content":"Phasellus vitae magna a nisi scelerisque dictum vel vel lacus. Ut porttitor quam quis purus lobortis volutpat. Aenean vel vestibulum risus. Cras posuere ipsum sed tortor ullamcorper interdum."},{"title":"Photography","content":"Donec id sem nisl. Ut rhoncus, justo et tristique elementum, sapien ante varius felis, at vulputate tortor ipsum eget urna. Aliquam rhoncus facilisis orci interdum accumsan."}]},"5":{"title":"SERVICES & PRODUCTS","fields":[{"title":"Photo &amp; Video Production","content":"Nam et urna ante, vitae pretium lacus. Vivamus ullamcorper leo risus, non vehicula odio. In consectetur viverra ante, eget vulputate magna aliquam in. Ut sem arcu, consequat quis lacinia id, ultrices in felis. Suspendisse potenti. "},{"title":"Wed Design Services","content":"Lorem ipsum dolor sit amet, consectetur adipiscing elit. Vestibulum in tempus lorem aliquam dictum lacus quis tincidunt. Vivamus ullam corper leo risus, non vehicula odio. In consectetur viverra ante, eget vulputate magna aliquam in. Ut sem arcu, consequat quis lacinia id, ultrices in felis. "},{"title":"Marketing, PR, SEO, SMM","content":"Vivamus ullamcorper leo risus, non vehicula odio. In consectetur viverra ante, eget vulputate magna aliquam in. Ut sem arcu, consequat quis lacinia id, ultrices in felis. Suspendisse potenti aliquam dictum lacus quis tincidunt. "},{"title":"Business Consulting","content":"Proin placerat viverra tempor. Morbi augue dui, bibendum quis euismod sit amet, tincidunt id dui. Integer auctor turpis vel orci blandit sit amet bibendum felis varius. Proin aliquam dictum lacus quis tincidunt tellus mi, eleifend non venenatis sit amet, ullamcorper at ligula."},{"title":"Other Creative Services","content":"Vivamus ullamcorper leo risus, non vehicula odio. In consectetur viverra ante, eget vulputate magna aliquam in. Ut sem arcu, consequat quis lacinia id, ultrices in felis. Suspendisse potenti aliquam dictum lacus quis tincidunt. "}]},"6":{"title":"Services","fields":[{"title":"Web Development","content":"Integer vitae ante vitae mauris ipsum massa lorem ipsum dolor  ipsum massa sed turpis aliquam eleifend id pulvinar vulputate tristique urna, nec feugiat."},{"title":"Photo &amp; Video Production","content":"Lorem aute irure  ipsum massa sed turpis aliquam eleifend id pulvinar tristique urna, nec feugiat lorem ipsum dolor incididunt ut labore et dolore magna lorem nulla."},{"title":"Marketing &amp; PR","content":"Gaute irure dolor adipisicing elit, sed do eiusmod tempor incididunt  ipsum massa sed turpis vulputate tristique urna, nec feugiat lorem ipsum dolor."},{"title":"Business Consulting","content":"Amet null vulputate tristique urna, nec feugiat lorem ipsum dolor vitae ante vitae mauris sed turpis aliquam eleifend id pulvinar aliquam eleifend id pulvinar metus sed lorem."}]},"7":{"title":"OUR SERVICES","fields":[{"title":"Photography","content":"Curabitur laoreet fringilla lorem ipsum porta. Nullam rutrum velit eget quam pretium vehicula. Maecenas enim velit dolor amet, quis lorem ipsum."},{"title":"Video Production","content":"Nullam rutrum velit dolor amet glavrida tellus, quis lorem ipsum eget quam pretium vehicula. Maecenas dolor amet glavrida tellus, quis lorem ipsum tooltip luctus ligula."},{"title":"Marketing &amp; PR","content":"Laoreet fringilla rutrum velit eget quam pretium vehicula amet glavrida tellus, quis lorem ipsum  velit. Curabitur dolor amet glavrida tellus, quis lorem ipsum tooltip luctus ligula."}]},"8":{"title":"USEFUL INFO","fields":[{"title":"Shipping","content":"Suscipit purus vitae, hendrerit tortoreu rhoncus nulla, vitae laoreet estortor malesuada. Vestibulum porta pellentesque bibendum. In consequat, massa sit amet euismod consequat."},{"title":"Return policy","content":"Vestibulum porta pellentesque bibendum. In consequat, massa sit amet euismod consequat, lectus augue vehicula odio, nec laoreet purus orci sit amet neque.\r\n"},{"title":"Contact","content":"<p><i class=\"fa fa-phone fa-fw\"><\/i> (424) 123-0045 , (424)123-0067<\/p>\r\n\r\n<p><i class=\"fa fa-paper-plane-o fa-fw\"><\/i> sales@yoursite.com<\/p>\r\n\r\n<p><i class=\"fa fa-clock-o fa-fw\"><\/i> Monday \u2013 Friday 10 AM \u2013 8 PM<\/p>"}]},"9":{"title":"Services","fields":{"1":{"title":"Photography","content":"Glavrida for habitant morbi tristique senectus et netus et malesuada fames ac turpis egestas. Fusce nec ipsum.\r\n"},"0":{"title":"Web Design","content":"Lorem ipsum dolor senectus et netus et malesuada fames ac turpis egestas. Fusce ipsum ac mauris imperdiet luctus sed vitaea amet glavrida dolor lorem ipsum.\r\n"},"2":{"title":"Marketing &amp; PR","content":"Ipsum amet habitant morbi tristique senectus et netus et malesuada fames ac turpis egestas. Fusce nec ipsum ac mauris imperdiet luctus amet glavrida dolor lorem ipsu sed vitae dolor."},"3":{"title":"Programming","content":"Pellentesque et netus et malesuada fames ac turpis egestas. Fusce nec ipsum ac mauris imperdiet luctus sed vitae ligula.\r\n"}}},"_multiwidget":1},"widget_presscore-portfolio":{"3":{"title":"DT-Portfolio projects","order":"DESC","orderby":"date","select":"all","show":6,"cats":[],"max_width":150},"6":{"title":"FEATURED PROJECTS","order":"DESC","orderby":"date","select":"all","show":16,"cats":[]},"7":{"title":"Recent Projects","order":"DESC","orderby":"date","select":"all","show":6,"cats":[],"max_width":100},"_multiwidget":1},"widget_presscore-photos":{"2":{"title":"DT-Photos","order":"DESC","orderby":"date","select":"all","show":12,"cats":[],"max_width":65},"_multiwidget":1},"widget_presscore-team":{"2":{"title":"DT-Team","order":"DESC","orderby":"date","select":"all","show":6,"cats":[],"autoslide":0,"show_excerpt":1},"3":{"title":"","show_excerpt":1,"order":"DESC","orderby":"date","select":"all","show":6,"cats":[],"autoslide":0},"4":{"title":"Team","show_excerpt":1,"order":"DESC","orderby":"date","select":"all","show":6,"cats":[],"autoslide":0},"_multiwidget":1},"widget_presscore-testimonials-slider":{"4":{"title":"DT-Testimonials slider","order":"DESC","orderby":"date","select":"only","show":6,"cats":["23"],"autoslide":0},"5":{"title":"WHAT CLIENT SAY","order":"DESC","orderby":"date","select":"only","show":6,"cats":["24"],"autoslide":0},"6":{"title":"Testiminials slider","order":"DESC","orderby":"date","select":"all","show":6,"cats":[],"autoslide":0},"_multiwidget":1},"widget_presscore-logos":{"2":{"title":"Partners & clients","order":"DESC","orderby":"date","select":"only","show":6,"cats":["17"],"autoslide":0},"_multiwidget":1},"sidebars_widgets":{"orphaned_widgets_1":["presscore-blog-categories-5"],"orphaned_widgets_2":["presscore-contact-info-widget-3","presscore-testimonials-slider-5","presscore-accordion-widget-5","presscore-portfolio-6"],"orphaned_widgets_3":["recent-comments-3","presscore-blog-categories-6"],"umitem_33059":["presscore-blog-categories-8","presscore-contact-form-widget-4","presscore-progress-bars-widget-4","presscore-team-4"],"wp_inactive_widgets":["9022","9022","9022","9022","9022","9022","9022","9022","9022","presscore-accordion-widget-7","9022"],"sidebar_15":["presscore-blog-categories-7"],"sidebar_16":["presscore-team-3"],"sidebar_14":["tp_widget_recent_tweets-6"],"sidebar_13":["tp_widget_recent_tweets-5"],"sidebar_11":["woocommerce_product_search-3","woocommerce_layered_nav_filters-2","woocommerce_product_categories-3","woocommerce_layered_nav-2","woocommerce_price_filter-2","woocommerce_recently_viewed_products-3","woocommerce_products-2"],"sidebar_9":["woocommerce_widget_cart-2","woocommerce_product_search-2","woocommerce_recently_viewed_products-2","woocommerce_top_rated_products-3"],"sidebar_12":["woocommerce_products-4","woocommerce_recent_reviews-3","presscore-accordion-widget-8"],"sidebar_6":["presscore-custom-menu-2-9","presscore-custom-menu-2-10"],"sidebar_4":["categories-3","recent-comments-2","meta-3","text-2","calendar-2","tag_cloud-2","archives-3","nav_menu-2","recent-posts-3","presscore-testimonials-slider-6"],"sidebar_3":["search-2","presscore-blog-posts-4","presscore-blog-categories-2","presscore-progress-bars-widget-2","presscore-contact-form-widget-3","presscore-contact-info-widget-2","presscore-portfolio-3","presscore-photos-2","presscore-accordion-widget-3","presscore-team-2","presscore-logos-2","presscore-testimonials-slider-4","presscore-custom-menu-2-12","presscore-custom-menu-1-7"],"sidebar_1":["presscore-blog-posts-7","presscore-blog-categories-9","presscore-accordion-widget-6","presscore-portfolio-7","presscore-progress-bars-widget-3"],"sidebar_2":["presscore-contact-info-widget-4","presscore-accordion-widget-9","presscore-blog-posts-9"],"sidebar_5":["presscore-custom-menu-2-5","presscore-custom-menu-2-7","presscore-custom-menu-2-6","presscore-custom-menu-2-3"],"sidebar_17":["presscore-custom-menu-1-8"],"sidebar_18":["presscore-custom-menu-1-9"],"sidebar_19":["presscore-custom-menu-1-10"],"sidebar_20":["presscore-custom-menu-1-11"],"sidebar_21":["presscore-custom-menu-1-12"],"sidebar_22":["presscore-custom-menu-1-13"],"sidebar_23":["presscore-custom-menu-1-14"],"array_version":3}},"nav_menu_locations":{"primary":424,"top":418,"bottom":418,"split_left":449,"split_right":450,"mobile":0},"ultimate_selected_google_fonts":[],"ultimate_icon_fonts":{"icomoon-material-24x24":{"include":"smile_fonts\/icomoon-material-24x24","folder":"smile_fonts\/icomoon-material-24x24","style":"icomoon-material-24x24\/icomoon-material-24x24.css","config":"charmap.php"},"icomoon-icomoonfree-16x16":{"include":"smile_fonts\/icomoon-icomoonfree-16x16","folder":"smile_fonts\/icomoon-icomoonfree-16x16","style":"icomoon-icomoonfree-16x16\/icomoon-icomoonfree-16x16.css","config":"charmap.php"},"icomoon-elegent-line-icons-32x32":{"include":"smile_fonts\/icomoon-elegent-line-icons-32x32","folder":"smile_fonts\/icomoon-elegent-line-icons-32x32","style":"icomoon-elegent-line-icons-32x32\/icomoon-elegent-line-icons-32x32.css","config":"charmap.php"},"icomoon-numbers-32x32":{"include":"smile_fonts\/icomoon-numbers-32x32","folder":"smile_fonts\/icomoon-numbers-32x32","style":"icomoon-numbers-32x32\/icomoon-numbers-32x32.css","config":"charmap.php"},"icomoon-pixeden-stroke-32x32":{"include":"smile_fonts\/icomoon-pixeden-stroke-32x32","folder":"smile_fonts\/icomoon-pixeden-stroke-32x32","style":"icomoon-pixeden-stroke-32x32\/icomoon-pixeden-stroke-32x32.css","config":"charmap.php"}},"revolution_sliders":["The7-video-on-display","the7-three-laptops","The7-fullscreen-text-rotation","The7-creative-clouds","the7-stars-intro","the7-landing-hero-scene","the7-old-homepage","The7-hero-scene-happy-people","the7-shop","the7-creative-text","the7-creative-grid","the7-hero-scene-workspace","the7-business-with-contact","the7-creative-dev-studio","the7-hero-scene-bottom-icons"],"vc_settings":{"use_custom":"1","vc_color":"#f7f7f7","vc_color_hover":"#F0F0F0","vc_color_call_to_action_bg":"","vc_color_google_maps_bg":"","vc_color_post_slider_caption_bg":"","vc_color_progress_bar_bg":"","vc_color_separator_border":"","vc_color_tab_bg":"","vc_color_tab_bg_active":"","margin":"0px","gutter":"44","responsive_max":"768"}}