{"schema":{"folders":{"ultimate_icon_fonts":"Ultimate_VC_Addons\/icon-fonts"}},"theme_options":{"general-content_width":"1300px","general-layout":"wide","general-box_width":"1280px","general-boxed_bg_color":"#e8e8e8","general-boxed_bg_image":{"image":"","repeat":"repeat","position_x":"center","position_y":"center"},"general-boxed_bg_fullscreen":"1","general-boxed_bg_fixed":"1","general-bg_color":"#ffffff","general-bg_opacity":100,"general-bg_image":{"image":"","repeat":"repeat","position_x":"center","position_y":"top"},"general-bg_fullscreen":false,"general-bg_fixed":false,"general-content_boxes_bg_color":"#ffffff","general-content_boxes_bg_opacity":100,"general-content_boxes_decoration":"outline","general-content_boxes_decoration_outline_color":"#666666","general-content_boxes_decoration_outline_opacity":16,"general-filter_style":"material","general-filter-font-family":"Libre Baskerville","general-filter-font-size":17,"general-filter_ucase":false,"general-filter-padding-top":0,"general-filter-padding-right":0,"general-filter-padding-bottom":5,"general-filter-padding-left":0,"general-filter-margin-top":0,"general-filter-margin-right":15,"general-filter-margin-bottom":5,"general-filter-margin-left":15,"content-headers_color":"#222222","content-primary_text_color":"#666666","general-accent_color_mode":"color","general-accent_bg_color":"#d7b98d","general-accent_bg_color_gradient":["#2578e9","#3fe7d9"],"general-border_radius":0,"general-contact_form_style":"minimal","general-slideshow_bullets_style":"accent","general-beautiful_loading":"enabled","general-fullscreen_overlay_color_mode":"color","general-fullscreen_overlay_color":"#111111","general-fullscreen_overlay_gradient":["#8224e3","#dd3333"],"general-fullscreen_overlay_opacity":100,"general-spinner_color":"#ffffff","general-spinner_opacity":100,"general-loader_style":"square_jelly_box","general-custom_loader":"","general-custom_css":"","general-responsive":"1","general-responsiveness-treshold":970,"general-hd_images":"srcset_based","general-smooth_scroll":"off","general-hide_plugins_notifications":"1","header-layout":"slide_out","header-classic-show_elements":"1","header-classic-elements":{"top_bar_left":["custom_menu","cart"],"top_bar_right":["search"],"near_menu_right":["social_icons"],"near_logo_right":["phone","email"]},"header-classic-elements-near_menu_right-padding-right":0,"header-classic-elements-near_menu_right-padding-left":40,"header-classic-elements-near_logo_left-padding-right":0,"header-classic-elements-near_logo_left-padding-left":0,"header-classic-elements-near_logo_right-padding-right":0,"header-classic-elements-near_logo_right-padding-left":0,"header-inline-show_elements":"1","header-inline-elements":{"top_bar_left":["phone","email","address"],"top_bar_right":["social_icons"],"near_menu_right":["cart","search"]},"header-inline-elements-near_menu_right-padding-right":0,"header-inline-elements-near_menu_right-padding-left":2,"header-split-show_elements":"1","header-split-elements":{"near_menu_left":["search"],"near_menu_right":["cart"]},"header-split-elements-near_menu_left-padding-right":20,"header-split-elements-near_menu_left-padding-left":20,"header-split-elements-near_menu_right-padding-right":20,"header-split-elements-near_menu_right-padding-left":20,"header-side-show_elements":"1","header-side-elements":{"below_menu":["social_icons","email","skype"]},"header-side-elements-below_menu-padding-top":0,"header-side-elements-below_menu-padding-right":35,"header-side-elements-below_menu-padding-bottom":0,"header-side-elements-below_menu-padding-left":35,"header-slide_out-show_elements":"1","header-slide_out-elements":{"side_top_line":["phone","social_icons"]},"header-slide_out-elements-top_line-padding-right":30,"header-slide_out-elements-top_line-padding-left":30,"header-slide_out-elements-below_menu-padding-top":0,"header-slide_out-elements-below_menu-padding-right":0,"header-slide_out-elements-below_menu-padding-bottom":0,"header-slide_out-elements-below_menu-padding-left":0,"header-overlay-show_elements":"1","header-overlay-elements":{"side_top_line":["phone","email"],"below_menu":["search","cart"]},"header-overlay-elements-top_line-padding-right":0,"header-overlay-elements-top_line-padding-left":0,"header-overlay-elements-below_menu-padding-top":0,"header-overlay-elements-below_menu-padding-right":0,"header-overlay-elements-below_menu-padding-bottom":0,"header-overlay-elements-below_menu-padding-left":0,"header-classic-logo-position":"left","header-classic-menu-position":"left","header-classic-height":180,"header-classic-is_fullwidth":"0","header-inline-menu-position":"justify","header-inline-height":120,"header-inline-is_fullwidth":"0","header-split-menu-position":"outside","header-split-height":100,"header-split-is_fullwidth":"0","header-side-position":"right","header-side-width":"300px","header-side-content-width":"300px","header-side-content-position":"center","header-side-content-padding-top":50,"header-side-content-padding-right":0,"header-side-content-padding-bottom":40,"header-side-content-padding-left":0,"header-side-menu-position":"v_top","header-side-logo-position":"inside","header-side-menu-padding-top":50,"header-side-menu-padding-bottom":50,"header-side-menu-items_alignment":"center","header-side-menu-items_link":"fullwidth","header-slide_out-layout":"top_line","header-slide_out-layout-menu_icon-show_floating_logo":"1","header-slide_out-layout-top_line-height":74,"header-slide_out-layout-top_line-is_fullwidth":"1","header-slide_out-layout-top_line-logo-position":"center","header-slide_out-layout-side_line-width":60,"header-slide_out-layout-side_line-position":"under","header-slide_out-position":"left","header-slide_out-overlay-animation":"fade","header-slide_out-width":"50%","header-slide_out-content-width":"100%","header-slide_out-content-position":"center","header-slide_out-content-padding-top":0,"header-slide_out-content-padding-right":60,"header-slide_out-content-padding-bottom":0,"header-slide_out-content-padding-left":60,"header-slide_out-menu-position":"v_center","header-slide_out-logo-position":"fully_inside","header-slide_out-menu-padding-top":0,"header-slide_out-menu-padding-bottom":70,"header-slide_out-menu-items_alignment":"center","header-slide_out-menu-items_link":"textwidth","header-overlay-layout":"top_line","header-overlay-layout-menu_icon-show_floating_logo":"1","header-overlay-layout-top_line-height":80,"header-overlay-layout-top_line-is_fullwidth":"0","header-overlay-layout-top_line-logo-position":"center","header-overlay-layout-side_line-width":60,"header-overlay-content-width":"500px","header-overlay-content-position":"left","header-overlay-content-padding-top":0,"header-overlay-content-padding-right":50,"header-overlay-content-padding-bottom":0,"header-overlay-content-padding-left":50,"header-overlay-menu-position":"v_top","header-overlay-logo-position":"fully_inside","header-overlay-menu-padding-top":0,"header-overlay-menu-padding-bottom":0,"header-overlay-menu-items_alignment":"left","header-overlay-menu-items_link":"fullwidth","top_bar-font-family":"Roboto","top_bar-font-size":13,"top_bar-font-is_capitalized":false,"top_bar-font-color":"#aaaeb5","top_bar-paddings-top":5,"top_bar-paddings-bottom":6,"top_bar-paddings-horizontal":0,"top_bar-bg-style":"fullwidth_line","top_bar-bg-color":"#878d94","top_bar-bg-opacity":18,"top_bar-bg-image":{"image":"","repeat":"repeat","position_x":"center","position_y":"center"},"header-bg-color":"#ffffff","header-bg-opacity":100,"header-bg-image":{"image":"","repeat":"repeat","position_x":"center","position_y":"center"},"header-bg-is_fullscreen":false,"header-bg-is_fixed":false,"header-decoration":"shadow","header-decoration-color":"#000000","header-decoration-opacity":8,"header-classic-menu-bg-style":"disabled","header-classic-menu-bg-color":"#000000","header-classic-menu-bg-opacity":100,"header-menu_icon-color":"#ffffff","header-menu_icon-bg-color":"#ffffff","header-menu_icon-bg-opacity":0,"header-menu_icon-hover-color":"#ffffff","header-menu_icon-hover-bg-color":"#ffffff","header-menu_icon-hover-bg-opacity":0,"header-menu_icon-margin-top":0,"header-menu_icon-margin-right":10,"header-menu_icon-margin-bottom":0,"header-menu_icon-margin-left":10,"header-menu_icon-bg-border-radius":0,"header-mixed-decoration":"disabled","header-mixed-decoration-color":"#ffffff","header-mixed-decoration-opacity":10,"header-mixed-bg-color":"#111111","header-mixed-bg-opacity":100,"header-slide_out-overlay-bg-color-style":"color","header-slide_out-overlay-bg-color":"#111111","header-slide_out-overlay-bg-gradient":["#cdb7e2","#821482"],"header-slide_out-overlay-bg-opacity":40,"header-slide_out-overlay-blur":"0","header-slide_out-overlay-x_cursor":"1","header-slide_out-overlay-x_cursor-color":"#dcc39d","header-slide_out-overlay-x_cursor-opacity":100,"header-menu-font-family":"Libre Baskerville","header-menu-font-size":26,"header-menu-font-is_capitalized":false,"header-menu-subtitle-font-family":"Arial:400italic","header-menu-subtitle-font-size":12,"header-menu-font-color":"#222222","header-menu-hover-font-color-style":"accent","header-menu-hover-font-color":"#60d45c","header-menu-hover-font-gradient":["#8224e3","#751257"],"header-menu-active_item-font-color-style":"accent","header-menu-active_item-font-color":"#60d45c","header-menu-active_item-font-gradient":["#ffffff","#000000"],"header-menu-icon-size":20,"header-menu-show_next_lvl_icons":"1","header-menu-item-padding-top":8,"header-menu-item-padding-right":0,"header-menu-item-padding-bottom":8,"header-menu-item-padding-left":0,"header-menu-item-margin-top":8,"header-menu-item-margin-right":0,"header-menu-item-margin-bottom":8,"header-menu-item-margin-left":0,"header-menu-item-surround_margins-style":"regular","header-menu-item-surround_margins-custom-margin":30,"header-menu-decoration-other-links-is_justified":"1","header-menu-show_dividers":"0","header-menu-dividers-height-style":"full","header-menu-dividers-height":20,"header-menu-dividers-surround":"0","header-menu-dividers-color":"#555555","header-menu-dividers-opacity":10,"header-menu-decoration-style":"underline","header-menu-decoration-underline-direction":"left_to_right","header-menu-decoration-underline-color-style":"accent","header-menu-decoration-underline-color":"#ffffff","header-menu-decoration-underline-gradient":["#ffffff","#000000"],"header-menu-decoration-other-hover-style":"background","header-menu-decoration-other-hover-color-style":"accent","header-menu-decoration-other-hover-color":"#ffffff","header-menu-decoration-other-hover-gradient":["#ffffff","#000000"],"header-menu-decoration-other-opacity":15,"header-menu-decoration-other-hover-line":"0","header-menu-decoration-other-hover-line-color-style":"gradient","header-menu-decoration-other-hover-line-color":"#dd3333","header-menu-decoration-other-hover-line-gradient":["#ffffff","#000000"],"header-menu-decoration-other-hover-line-opacity":23,"header-menu-decoration-other-active-style":"background","header-menu-decoration-other-active-color-style":"accent","header-menu-decoration-other-active-color":"#ffffff","header-menu-decoration-other-active-gradient":["#ffffff","#000000"],"header-menu-decoration-other-active-opacity":15,"header-menu-decoration-other-active-line":"0","header-menu-decoration-other-active-line-color-style":"color","header-menu-decoration-other-active-line-color":"#8224e3","header-menu-decoration-other-active-line-gradient":["#dd3333","#81d742"],"header-menu-decoration-other-active-line-opacity":30,"header-menu-decoration-other-click_decor":"1","header-menu-decoration-other-click_decor-color-style":"accent","header-menu-decoration-other-click_decor-color":"#ffffff","header-menu-decoration-other-click_decor-gradient":["#ffffff","#000000"],"header-menu-decoration-other-click_decor-opacity":20,"header-menu-decoration-other-border-radius":3,"header-menu-submenu-font-family":"Libre Baskerville","header-menu-submenu-font-size":16,"header-menu-submenu-font-is_uppercase":false,"header-menu-submenu-subtitle-font-family":"Arial","header-menu-submenu-subtitle-font-size":10,"header-menu-submenu-font-color":"#33323f","header-menu-submenu-hover-font-color-style":"accent","header-menu-submenu-hover-font-color":"#60d45c","header-menu-submenu-hover-font-gradient":["#81d742","#eeee22"],"header-menu-submenu-active-font-color-style":"accent","header-menu-submenu-active-font-color":"#60d45c","header-menu-submenu-active-font-gradient":["#ffffff","#000000"],"header-menu-submenu-icon-size":14,"header-menu-submenu-show_next_lvl_icons":"1","header-menu-submenu-parent_is_clickable":false,"header-menu-submenu-item-padding-top":8,"header-menu-submenu-item-padding-right":0,"header-menu-submenu-item-padding-bottom":8,"header-menu-submenu-item-padding-left":0,"header-menu-submenu-item-margin-top":0,"header-menu-submenu-item-margin-right":0,"header-menu-submenu-item-margin-bottom":0,"header-menu-submenu-item-margin-left":0,"header-menu-submenu-bg-color":"#ffffff","header-menu-submenu-bg-opacity":100,"header-menu-submenu-bg-width":260,"header-menu-submenu-bg-hover":"none","header-side-menu-submenu-position":"down","header-elements-near_menu-font_family":"Tahoma","header-elements-near_menu-font_size":14,"header-elements-near_menu-font_color":"#b0b0b4","header-elements-near_logo-font_family":"Libre Baskerville","header-elements-near_logo-font_size":15,"header-elements-near_logo-font_color":"#ffffff","header-elements-search-caption":"Search","header-elements-search-icon":"1","header-elements-contact-address-caption":"8500 Beverly Boulevard Los Angeles, CA 90048","header-elements-contact-address-icon":"1","header-elements-contact-phone-caption":"011 322 44 56","header-elements-contact-phone-icon":"1","header-elements-contact-email-caption":"sales@yoursite.com","header-elements-contact-email-icon":"1","header-elements-contact-skype-caption":"Your_Skype","header-elements-contact-skype-icon":"1","header-elements-contact-clock-caption":"Monday \u2013 Friday 10 AM \u2013 8 PM","header-elements-contact-clock-icon":"1","header-elements-login-caption":"Login","header-elements-logout-caption":"Logout","header-elements-login-icon":"1","header-elements-login-url":"http:\/\/themeforest.net","header-elements-text":"Some call to action text goes here!","header-elements-text-2":"Some call to action text goes here!","header-elements-text-3":"Some call to action text goes here!","header-elements-soc_icons-color":"#ffffff","header-elements-soc_icons-bg":"color","header-elements-soc_icons-bg-color":"#4a4a4a","header-elements-soc_icons-bg-opacity":100,"header-elements-soc_icons-bg-gradient":["#ffffff","#000000"],"header-elements-soc_icons-hover-color":"#ffffff","header-elements-soc_icons-hover-bg":"color","header-elements-soc_icons-hover-bg-color":"#c4a981","header-elements-soc_icons-bg-hover-opacity":100,"header-elements-soc_icons-hover-bg-gradient":["#ffffff","#000000"],"header-elements-soc_icons":[{"icon":"facebook","url":""},{"icon":"facebook","url":"\/"},{"icon":"twitter","url":"\/"},{"icon":"google","url":"\/"},{"icon":"dribbble","url":"\/"}],"header-show_floating_navigation":"1","header-floating_navigation-style":"sticky","header-floating_navigation-show_after":120,"header-floating_navigation-height":74,"header-floating_navigation-bg-color":"#111111","header-floating_navigation-bg-opacity":92,"header-floating_navigation-decoration":"disabled","header-floating_navigation-decoration-color":"#ffffff","header-floating_navigation-decoration-opacity":10,"header-mobile-first_switch-after":850,"header-mobile-first_switch-layout":"left_center","header-mobile-first_switch-height":74,"header-mobile-second_switch-after":850,"header-mobile-second_switch-layout":"left_center","header-mobile-second_switch-height":74,"header-mobile-floating_navigation":"sticky","header-mobile-menu-font-family":"Libre Baskerville","header-mobile-menu-font-size":20,"header-mobile-menu-font-is_capitalized":false,"header-mobile-submenu-font-family":"Tahoma","header-mobile-submenu-font-size":16,"header-mobile-submenu-font-is_capitalized":false,"header-mobile-menu-font-color":"#222222","header-mobile-menu-font-hover-color-style":"accent","header-mobile-menu-font-hover-color":"#60d45c","header-mobile-menu-font-hover-gradient":["#b78ce2","#1e73be"],"header-mobile-menu-bg-color":"#ffffff","header-mobile-menu-bg-opacity":100,"header-mobile-menu-bg-width":380,"header-mobile-menu-align":"left","header-logo_regular":["\/wp-content\/uploads\/sites\/8\/2015\/11\/photo-laaarge.png",36011],"header-logo_hd":["\/wp-content\/uploads\/sites\/8\/2015\/11\/photo-laaarge-hd.png",36012],"header-logo-padding-top":30,"header-logo-padding-right":0,"header-logo-padding-bottom":30,"header-logo-padding-left":0,"header-style-transparent-logo_regular":["\/wp-content\/uploads\/sites\/8\/2015\/11\/photo-smaaaal.png",36009],"header-style-transparent-logo_hd":["\/wp-content\/uploads\/sites\/8\/2015\/11\/photo-smaaaal-hd.png",36010],"header-style-transparent-logo-padding-top":0,"header-style-transparent-logo-padding-right":0,"header-style-transparent-logo-padding-bottom":0,"header-style-transparent-logo-padding-left":40,"header-style-mixed-logo_regular":["\/wp-content\/uploads\/sites\/8\/2015\/11\/photo-smaaaal.png",36009],"header-style-mixed-logo_hd":["\/wp-content\/uploads\/sites\/8\/2015\/11\/photo-smaaaal-hd.png",36010],"header-style-mixed-logo-padding-top":0,"header-style-mixed-logo-padding-right":0,"header-style-mixed-logo-padding-bottom":0,"header-style-mixed-logo-padding-left":40,"header-style-floating-choose_logo":"custom","header-style-floating-logo_regular":["\/wp-content\/uploads\/sites\/8\/2015\/11\/photo-smaaaal.png",36009],"header-style-floating-logo_hd":["\/wp-content\/uploads\/sites\/8\/2015\/11\/photo-smaaaal-hd.png",36010],"header-style-floating-logo-padding-top":0,"header-style-floating-logo-padding-right":0,"header-style-floating-logo-padding-bottom":0,"header-style-floating-logo-padding-left":40,"header-mobile-first_switch-logo":"mobile","header-mobile-second_switch-logo":"mobile","header-style-mobile-logo_regular":["\/wp-content\/uploads\/sites\/8\/2015\/11\/photo-smaaaal.png",36009],"header-style-mobile-logo_hd":["\/wp-content\/uploads\/sites\/8\/2015\/11\/photo-smaaaal-hd.png",36010],"header-style-mobile-logo-padding-top":0,"header-style-mobile-logo-padding-right":0,"header-style-mobile-logo-padding-bottom":0,"header-style-mobile-logo-padding-left":0,"bottom_bar-logo_regular":["",0],"bottom_bar-logo_hd":["",0],"bottom_bar-logo-padding-top":0,"bottom_bar-logo-padding-right":0,"bottom_bar-logo-padding-bottom":0,"bottom_bar-logo-padding-left":0,"general-favicon":"\/wp-content\/uploads\/sites\/8\/2016\/01\/the7-new-fav1.gif","general-favicon_hd":"\/wp-content\/uploads\/sites\/8\/2016\/01\/the7-new-fav-hd1.gif","general-handheld_icon-old_iphone":"","general-handheld_icon-old_ipad":"","general-handheld_icon-retina_iphone":"","general-handheld_icon-retina_ipad":"","bottom_bar-copyrights":"","bottom_bar-credits":"1","stripes-stripe_1_color":"#f6f6f6","stripes-stripe_1_bg_image":{"image":"","repeat":"repeat","position_x":"center","position_y":"center"},"stripes-stripe_1_outline":"hide","stripes-stripe_1_outline_color":"#44bb70","stripes-stripe_1_outline_opacity":94,"stripes-stripe_1_content_boxes_bg_color":"#f6f6f6","stripes-stripe_1_content_boxes_bg_opacity":0,"stripes-stripe_1_content_boxes_decoration":"outline","stripes-stripe_1_content_boxes_decoration_outline_color":"#666666","stripes-stripe_1_content_boxes_decoration_outline_opacity":16,"stripes-stripe_1_headers_color":"#222222","stripes-stripe_1_text_color":"#666666","stripes-stripe_2_color":"#111111","stripes-stripe_2_bg_image":{"image":"","repeat":"repeat","position_x":"center","position_y":"center"},"stripes-stripe_2_outline":"hide","stripes-stripe_2_outline_color":"#c1edaf","stripes-stripe_2_outline_opacity":100,"stripes-stripe_2_content_boxes_bg_color":"#111111","stripes-stripe_2_content_boxes_bg_opacity":0,"stripes-stripe_2_content_boxes_decoration":"outline","stripes-stripe_2_content_boxes_decoration_outline_color":"#ffffff","stripes-stripe_2_content_boxes_decoration_outline_opacity":16,"stripes-stripe_2_headers_color":"#ffffff","stripes-stripe_2_text_color":"#ffffff","stripes-stripe_3_color":"#262222","stripes-stripe_3_bg_image":{"image":"\/inc\/presets\/images\/full\/skin06r.stripes-stripe-3-bg-image.jpg","repeat":"repeat","position_x":"center","position_y":"center"},"stripes-stripe_3_outline":"hide","stripes-stripe_3_outline_color":"#FFFFFF","stripes-stripe_3_outline_opacity":100,"stripes-stripe_3_content_boxes_bg_color":"#262222","stripes-stripe_3_content_boxes_bg_opacity":0,"stripes-stripe_3_content_boxes_decoration":"outline","stripes-stripe_3_content_boxes_decoration_outline_color":"#ffffff","stripes-stripe_3_content_boxes_decoration_outline_opacity":16,"stripes-stripe_3_headers_color":"#ffffff","stripes-stripe_3_text_color":"#ffffff","sidebar-width":"330px","sidebar-vertical_distance":88,"sidebar-visual_style":"with_dividers","sidebar-divider-vertical":"0","sidebar-divider-horizontal":"1","sidebar-bg_color":"#f9f9f9","sidebar-bg_opacity":100,"sidebar-bg_image":{"image":"","repeat":"repeat","position_x":"center","position_y":"center"},"sidebar-decoration":"none","sidebar-decoration_outline_color":"#000000","sidebar-decoration_outline_opacity":6,"sidebar-headers_color":"#222222","sidebar-primary_text_color":"#666666","footer-style":"solid_background","footer-bg_color":"#111111","footer-bg_opacity":100,"footer-decoration":"none","footer-decoration_outline_color":"#81d742","footer-decoration_outline_opacity":96,"footer-bg_image":{"image":"","repeat":"repeat","position_x":"center","position_y":"top"},"footer-slide-out-mode":"0","footer-headers_color":"#ffffff","footer-primary_text_color":"#ffffff","footer-padding-top":60,"footer-padding-bottom":0,"footer-paddings-columns":22,"footer-layout":"1\/4+1\/4+1\/4+1\/4","footer-collapse_after":970,"bottom_bar-style":"content_width_line","bottom_bar-bg_color":"#ffffff","bottom_bar-bg_opacity":0,"bottom_bar-bg_image":{"image":"","repeat":"repeat","position_x":"center","position_y":"top"},"bottom_bar-color":"#ffffff","bottom_bar-text":"","general-show_author_in_blog":"1","general-next_prev_in_blog":"1","general-show_back_button_in_post":"0","general-blog_meta_on":"1","general-blog_meta_date":"1","general-blog_meta_author":"1","general-blog_meta_categories":"1","general-blog_meta_comments":"1","general-blog_meta_tags":"1","general-show_rel_posts":"1","general-rel_posts_head_title":"Related posts","general-rel_posts_max":6,"general-next_prev_in_portfolio":"1","general-show_back_button_in_project":"0","general-portfolio_meta_on":"1","general-portfolio_meta_date":"1","general-portfolio_meta_author":"1","general-portfolio_meta_categories":"1","general-portfolio_meta_comments":"1","general-show_rel_projects":"0","general-rel_projects_head_title":"Related projects","general-rel_projects_title":"1","general-rel_projects_excerpt":"1","general-rel_projects_info_date":"1","general-rel_projects_info_author":"1","general-rel_projects_info_comments":"1","general-rel_projects_info_categories":"1","general-rel_projects_link":"1","general-rel_projects_zoom":"1","general-rel_projects_details":"1","general-rel_projects_max":12,"general-rel_projects_fullwidth_height":210,"general-rel_projects_fullwidth_width_style":"prop","general-rel_projects_fullwidth_width":210,"general-rel_projects_height":180,"general-rel_projects_width_style":"prop","general-rel_projects_width":180,"general-next_prev_in_album":"1","general-show_back_button_in_album":"1","general-album_meta_on":"1","general-album_meta_date":"1","general-album_meta_author":false,"general-album_meta_categories":"1","general-album_meta_comments":false,"general-title_align":"center","general-title_height":170,"page_title-padding-top":0,"page_title-padding-bottom":0,"general-show_titles":"1","general-title_size":"h1","general-title_color":"#222222","general-show_breadcrumbs":"0","general-breadcrumbs_color":"#bfbfbf","general-breadcrumbs_bg_color":"disabled","general-title_bg_mode":"background","header-background":"normal","header-transparent_bg_color":"#ffffff","header-transparent_bg_opacity":100,"page_title-background-style-transparent-color_scheme":"from_options","general-title_bg_color":"#f6f6f6","general-title_bg_opacity":100,"general-title_decoration":"none","general-title_decoration_outline_color":"#1e73be","general-title_decoration_outline_opacity":0,"general-title_bg_gradient":["#4a66d6","#12b4ea"],"general-title_bg_image":{"image":"","repeat":"no-repeat","position_x":"center","position_y":"center"},"general-title_bg_fullscreen":false,"general-title_bg_fixed":false,"general-title_bg_parallax":"","fonts-font_family":"Tahoma","fonts-big_size":15,"fonts-big_size_line_height":27,"fonts-normal_size":14,"fonts-normal_size_line_height":25,"fonts-small_size":13,"fonts-small_size_line_height":24,"fonts-h1_font_family":"Libre Baskerville","fonts-h1_font_size":43,"fonts-h1_line_height":53,"fonts-h1_uppercase":false,"fonts-h2_font_family":"Libre Baskerville","fonts-h2_font_size":33,"fonts-h2_line_height":43,"fonts-h2_uppercase":false,"fonts-h3_font_family":"Libre Baskerville","fonts-h3_font_size":23,"fonts-h3_line_height":33,"fonts-h3_uppercase":false,"fonts-h4_font_family":"Libre Baskerville","fonts-h4_font_size":19,"fonts-h4_line_height":29,"fonts-h4_uppercase":false,"fonts-h5_font_family":"Libre Baskerville","fonts-h5_font_size":17,"fonts-h5_line_height":27,"fonts-h5_uppercase":false,"fonts-h6_font_family":"Libre Baskerville","fonts-h6_font_size":14,"fonts-h6_line_height":25,"fonts-h6_uppercase":false,"buttons-style":"flat","buttons-color_mode":"accent","buttons-color":"#60d45c","buttons-color_gradient":["#dd3333","#3a892a"],"buttons-hover_color_mode":"color","buttons-hover_color":"#c6a677","buttons-hover_color_gradient":["#cc4789","#e57544"],"buttons-text_color_mode":"color","buttons-text_color":"#ffffff","buttons-text_hover_color_mode":"color","buttons-text_hover_color":"#ffffff","buttons-s_font_family":"Libre Baskerville","buttons-s_font_size":12,"buttons-s_uppercase":false,"buttons-s_line_height":30,"buttons-s_border_radius":0,"buttons-m_font_family":"Libre Baskerville","buttons-m_font_size":14,"buttons-m_uppercase":false,"buttons-m_line_height":42,"buttons-m_border_radius":0,"buttons-l_font_family":"Libre Baskerville","buttons-l_font_size":16,"buttons-l_uppercase":false,"buttons-l_line_height":48,"buttons-l_border_radius":0,"image_hover-style":"none","image_hover-onclick_animation":"1","image_hover-default_icon":"big_center","image_hover-color_mode":"color","image_hover-color":"#000000","image_hover-color_gradient":["#000000","#303030"],"image_hover-opacity":20,"image_hover-project_icons_style":"outline","image_hover-album_miniatures_style":"style_2","image_hover-project_rollover_color_mode":"color","image_hover-project_rollover_color":"#000000","image_hover-project_rollover_color_gradient":["#6ae5e6","#1190c9"],"image_hover-project_rollover_opacity":75,"social_buttons-visibility":"allways","social_buttons-post-button_title":"Share this post","social_buttons-post":[],"social_buttons-portfolio_post-button_title":"Share this post","social_buttons-portfolio_post":[],"social_buttons-photo-button_title":"Share this image","social_buttons-photo":[],"social_buttons-page-button_title":"Share this page","social_buttons-page":[],"widgetareas":{"1":{"sidebar_name":"Default Sidebar","sidebar_desc":"Sidebar primary widget area"},"2":{"sidebar_name":"Default Footer","sidebar_desc":"Footer primary widget area"}},"general-album_back_button_target_page_id":0,"general-images_lazy_loading":"1","header-elements-contact-address-second-header-switch":"in_menu","header-elements-contact-phone-second-header-switch":"in_menu","header-elements-contact-email-second-header-switch":"in_menu","header-elements-contact-skype-second-header-switch":"in_menu","header-elements-contact-clock-second-header-switch":"hidden","header-elements-login-second-header-switch":"in_menu","header-elements-text-second-header-switch":"in_menu","header-elements-text-2-second-header-switch":"in_menu","header-elements-text-3-second-header-switch":"in_menu","header-elements-menu-second-header-switch":"in_menu","header-elements-soc_icons-second-header-switch":"in_menu","header-elements-search-second-header-switch":"in_menu","general-side_content_paddings":60,"general-switch_content_paddings":768,"general-mobile_side_content_paddings":20,"header-classic-icons_style":"bold","header-inline-icons_style":"bold","header-split-icons_style":"bold","header-side-icons_style":"bold","header-slide_out-icons_style":"bold","header-overlay-icons_style":"bold","general-filter_style-minimal-border_radius":0,"general-filter_style-material-line_size":2,"general-navigation_margin":30,"blog-thumbnail_size":"resize","blog-thumbnail_proportions":{"width":3,"height":2},"general-post_back_button_target_page_id":0,"general-project_back_button_target_page_id":0,"modules-portfolio-status":"enabled","modules-testimonials-status":"enabled","modules-team-status":"enabled","modules-logos-status":"enabled","modules-benefits-status":"enabled","modules-albums-status":"enabled","modules-slideshow-status":"enabled","dividers-color":"#666666","dividers-opacity":16,"content-secondary_text_color":"#aaaaaa","general-page_content_top_margin":60,"general-page_content_bottom_margin":60,"blog-fancy_date-style":"circle","post-show_fancy_date":"1","post-show_fancy_categories":"1","sidebar-distance_to_content":50,"sidebar-responsiveness":970},"wp_settings":{"show_on_front":"page","page_on_front":"29177","page_for_posts":"0"},"widgets_settings":{"widget_presscore-contact-info-widget":{"2":{"title":"Get in touch!","text":"Nullam convallis ante id odio iaculis blandit. Mauris nec luctus nibh. Proin ullamcorper libero erat, sodales consectetura.","links":{"facebook":"https:\/\/www.facebook.com\/WordPress.Premium.Theme\/","twitter":"https:\/\/twitter.com\/premium_theme","google":"","dribbble":"","you-tube":"","rss":"","delicious":"","flickr":"","forrst":"","lastfm":"","linkedin":"","vimeo":"","tumbler":"","pinterest":"https:\/\/www.pinterest.com\/dreamtheme\/","devian":"","skype":"","github":"","instagram":"","stumbleupon":"","behance":"","mail":"","website":"","px-500":"","tripedvisor":"","vk":"","foursquare":"","xing":"","weibo":"","odnoklassniki":"","research-gate":"","yelp":"","blogger":"","soundcloud":""},"fields":[{"title":"Email","content":"hello@dream-theme.com"},{"title":"Phone","content":"+001 234 56 789"}]},"_multiwidget":1},"widget_presscore-blog-posts":{"2":{"title":"Recent posts","order":"DESC","orderby":"date","show":4,"select":"all","cats":[],"thumbnails":1,"round_images":1,"images_dimensions":{"w":60,"h":60}},"_multiwidget":1},"widget_presscore-contact-form-widget":{"2":{"title":"Leave your testiminial","text":"","fields":{"name":{"on":true,"required":true},"email":{"on":true,"required":true},"telephone":{"on":true,"required":false},"country":{"on":false,"required":false},"city":{"on":false,"required":false},"company":{"on":false,"required":false},"website":{"on":false,"required":false},"message":{"on":true,"required":false}},"send_to":"miroslav@forge.com.ua","msg_height":9,"button_size":"m","button_title":""},"_multiwidget":1},"widget_presscore-photos":{"2":{"title":"Recent photos","order":"DESC","orderby":"date","select":"all","show":12,"cats":[],"max_width":85},"3":{"title":"Recent photos","order":"DESC","orderby":"date","select":"all","show":12,"cats":[],"max_width":85},"_multiwidget":1},"sidebars_widgets":{"sidebar_3":["presscore-contact-form-widget-2","presscore-photos-2"],"wp_inactive_widgets":["9022"],"sidebar_1":["presscore-blog-posts-2","presscore-photos-3","presscore-contact-info-widget-2"],"sidebar_2":[],"array_version":3}},"nav_menu_locations":{"primary":110,"top":0,"bottom":112},"ultimate_selected_google_fonts":[],"ultimate_icon_fonts":{"icomoon-icomoonfree-16x16":{"include":"smile_fonts\/icomoon-icomoonfree-16x16","folder":"smile_fonts\/icomoon-icomoonfree-16x16","style":"icomoon-icomoonfree-16x16\/icomoon-icomoonfree-16x16.css","config":"charmap.php"}},"revolution_sliders":[],"vc_settings":{"use_custom":"1","vc_color":"#f7f7f7","vc_color_hover":"#F0F0F0","vc_color_call_to_action_bg":"","vc_color_google_maps_bg":"","vc_color_post_slider_caption_bg":"","vc_color_progress_bar_bg":"","vc_color_separator_border":"","vc_color_tab_bg":"","vc_color_tab_bg_active":"","margin":"0px","gutter":"60","responsive_max":"768"}}