{"schema":{"folders":{"ultimate_icon_fonts":"Ultimate_VC_Addons\/icon-fonts"}},"theme_options":{"general-content_width":"1300px","general-layout":"wide","general-box_width":"1340px","general-boxed_bg_color":"#ffffff","general-boxed_bg_image":{"image":"","repeat":"repeat","position_x":"left","position_y":"top"},"general-boxed_bg_fullscreen":false,"general-boxed_bg_fixed":"1","general-bg_color":"#ffffff","general-bg_opacity":100,"general-bg_image":{"image":"","repeat":"repeat","position_x":"center","position_y":"top"},"general-bg_fullscreen":false,"general-bg_fixed":false,"general-content_boxes_bg_color":"#dcdcdc","general-content_boxes_bg_opacity":30,"general-content_boxes_decoration":"none","general-content_boxes_decoration_outline_color":"#000000","general-content_boxes_decoration_outline_opacity":0,"dividers-color":"#333333","dividers-opacity":12,"general-accent_color_mode":"color","general-accent_bg_color":"#ffb536","general-accent_bg_color_gradient":["#2578e9","#3fe7d9"],"general-border_radius":0,"general-slideshow_bullets_style":"transparent","general-beautiful_loading":"enabled","general-fullscreen_overlay_color_mode":"color","general-fullscreen_overlay_color":"#ffffff","general-fullscreen_overlay_gradient":["#8224e3","#dd3333"],"general-fullscreen_overlay_opacity":100,"general-spinner_color":"#ffb536","general-spinner_opacity":100,"general-loader_style":"square_jelly_box","general-custom_loader":"","header-layout":"classic","header-classic-show_elements":"1","header-classic-icons_style":"bold","header-classic-elements":{"top_bar_left":["working_hours","address"],"top_bar_right":["social_icons"],"near_menu_right":["search"],"near_logo_right":["text_area"]},"header-classic-elements-near_menu_right-padding-top":0,"header-classic-elements-near_menu_right-padding-right":0,"header-classic-elements-near_menu_right-padding-bottom":0,"header-classic-elements-near_menu_right-padding-left":30,"header-classic-elements-near_logo_left-padding-top":0,"header-classic-elements-near_logo_left-padding-right":0,"header-classic-elements-near_logo_left-padding-bottom":0,"header-classic-elements-near_logo_left-padding-left":0,"header-classic-elements-near_logo_right-padding-top":0,"header-classic-elements-near_logo_right-padding-right":0,"header-classic-elements-near_logo_right-padding-bottom":0,"header-classic-elements-near_logo_right-padding-left":0,"header-inline-show_elements":"1","header-inline-icons_style":"bold","header-inline-elements":{"top_bar_left":["phone","email"],"top_bar_right":["social_icons"],"near_menu_right":["cart","search"]},"header-inline-elements-near_menu_right-padding-top":0,"header-inline-elements-near_menu_right-padding-right":30,"header-inline-elements-near_menu_right-padding-bottom":0,"header-inline-elements-near_menu_right-padding-left":30,"header-split-show_elements":"1","header-split-icons_style":"bold","header-split-elements":{"near_menu_left":["search"],"near_menu_right":["cart"]},"header-split-elements-near_menu_left-padding-top":0,"header-split-elements-near_menu_left-padding-right":20,"header-split-elements-near_menu_left-padding-bottom":0,"header-split-elements-near_menu_left-padding-left":20,"header-split-elements-near_menu_right-padding-top":0,"header-split-elements-near_menu_right-padding-right":20,"header-split-elements-near_menu_right-padding-bottom":0,"header-split-elements-near_menu_right-padding-left":20,"header-side-show_elements":"1","header-side-icons_style":"bold","header-side-elements":{"below_menu":["social_icons","email","skype"]},"header-side-elements-below_menu-padding-top":0,"header-side-elements-below_menu-padding-right":35,"header-side-elements-below_menu-padding-bottom":0,"header-side-elements-below_menu-padding-left":35,"header-slide_out-show_elements":"1","header-slide_out-icons_style":"bold","header-slide_out-elements":{"side_top_line":["phone","email","skype"]},"header-slide_out-elements-top_line-padding-top":0,"header-slide_out-elements-top_line-padding-right":40,"header-slide_out-elements-top_line-padding-bottom":0,"header-slide_out-elements-top_line-padding-left":40,"header-slide_out-elements-below_menu-padding-top":0,"header-slide_out-elements-below_menu-padding-right":0,"header-slide_out-elements-below_menu-padding-bottom":0,"header-slide_out-elements-below_menu-padding-left":0,"header-overlay-show_elements":"1","header-overlay-icons_style":"bold","header-overlay-elements":{"below_menu":["search","cart"],"side_top_line":["social_icons","text_area","phone"]},"header-overlay-elements-top_line-padding-top":0,"header-overlay-elements-top_line-padding-right":40,"header-overlay-elements-top_line-padding-bottom":0,"header-overlay-elements-top_line-padding-left":40,"header-overlay-elements-below_menu-padding-top":0,"header-overlay-elements-below_menu-padding-right":0,"header-overlay-elements-below_menu-padding-bottom":0,"header-overlay-elements-below_menu-padding-left":0,"header-classic-logo-position":"left","header-classic-menu-position":"justify","header-classic-menu-margin-top":0,"header-classic-menu-margin-bottom":0,"header-classic-height":180,"header-classic-is_fullwidth":"0","header-inline-menu-position":"right","header-inline-height":55,"header-inline-is_fullwidth":"1","header-split-menu-position":"outside","header-split-height":100,"header-split-is_fullwidth":"0","header-side-position":"right","header-side-width":"300px","header-side-content-width":"300px","header-side-content-position":"center","header-side-content-padding-top":50,"header-side-content-padding-right":0,"header-side-content-padding-bottom":40,"header-side-content-padding-left":0,"header-side-menu-position":"v_top","header-side-logo-position":"inside","header-side-menu-padding-top":50,"header-side-menu-padding-bottom":50,"header-side-menu-items_alignment":"center","header-side-menu-items_link":"fullwidth","header-slide_out-layout":"menu_icon","header-slide_out-layout-menu_icon-show_floating_logo":"1","header-slide_out-layout-top_line-height":90,"header-slide_out-layout-top_line-is_fullwidth":"1","header-slide_out-layout-top_line-logo-position":"left","header-slide_out-layout-side_line-width":60,"header-slide_out-layout-side_line-position":"under","header-slide_out-position":"left","header-slide_out-overlay-animation":"fade","header-slide_out-width":"400px","header-slide_out-content-width":"350px","header-slide_out-content-position":"center","header-slide_out-content-padding-top":50,"header-slide_out-content-padding-right":0,"header-slide_out-content-padding-bottom":50,"header-slide_out-content-padding-left":0,"header-slide_out-menu-position":"v_top","header-slide_out-logo-position":"fully_inside","header-slide_out-menu-padding-top":40,"header-slide_out-menu-padding-bottom":40,"header-slide_out-menu-items_alignment":"center","header-slide_out-menu-items_link":"fullwidth","header-overlay-layout":"menu_icon","header-overlay-layout-menu_icon-show_floating_logo":"1","header-overlay-layout-top_line-height":130,"header-overlay-layout-top_line-is_fullwidth":"0","header-overlay-layout-top_line-logo-position":"left","header-overlay-layout-side_line-width":60,"header-overlay-content-width":"300px","header-overlay-content-position":"center","header-overlay-content-padding-top":0,"header-overlay-content-padding-right":0,"header-overlay-content-padding-bottom":0,"header-overlay-content-padding-left":0,"header-overlay-menu-position":"v_center","header-overlay-logo-position":"fully_inside","header-overlay-menu-padding-top":40,"header-overlay-menu-padding-bottom":40,"header-overlay-menu-items_alignment":"center","header-overlay-menu-items_link":"fullwidth","top_bar-font-family":"Open Sans Condensed:700","top_bar-font-size":13,"top_bar-font-is_capitalized":false,"top_bar-font-color":"#ffffff","top_bar-paddings-top":5,"top_bar-paddings-bottom":5,"top_bar-paddings-horizontal":0,"top_bar-bg-style":"solid","top_bar-bg-color":"#1f365c","top_bar-bg-opacity":100,"top_bar-bg-image":{"image":"","repeat":"repeat","position_x":"center","position_y":"center"},"header-bg-color":"#ffffff","header-bg-opacity":100,"header-bg-image":{"image":"","repeat":"repeat","position_x":"center","position_y":"top"},"header-bg-is_fullscreen":false,"header-bg-is_fixed":false,"header-decoration":"disabled","header-decoration-color":"#333333","header-decoration-opacity":12,"header-classic-menu-bg-style":"fullwidth_line","header-classic-menu-bg-color":"#333333","header-classic-menu-bg-opacity":12,"header-menu_icon-size":"medium","header-menu_icon-color":"#000000","header-menu_icon-bg-color":"#ffffff","header-menu_icon-bg-opacity":75,"header-menu_icon-hover-color":"#000000","header-menu_icon-hover-bg-color":"#ffffff","header-menu_icon-hover-bg-opacity":75,"header-menu_icon-margin-top":0,"header-menu_icon-margin-right":0,"header-menu_icon-margin-bottom":0,"header-menu_icon-margin-left":0,"header-menu_icon-bg-size":54,"header-menu_icon-bg-border-radius":0,"header-mixed-decoration":"shadow","header-mixed-decoration-color":"#dd9933","header-mixed-decoration-opacity":100,"header-mixed-bg-color":"#ffffff","header-mixed-bg-opacity":100,"header-slide_out-overlay-bg-color-style":"color","header-slide_out-overlay-bg-color":"#1f365c","header-slide_out-overlay-bg-gradient":["#cdb7e2","#821482"],"header-slide_out-overlay-bg-opacity":30,"header-slide_out-overlay-blur":"0","header-slide_out-overlay-x_cursor":"1","header-slide_out-overlay-x_cursor-color":"#ffffff","header-slide_out-overlay-x_cursor-opacity":100,"header-menu-font-family":"Roboto Condensed:700","header-menu-font-size":17,"header-menu-font-is_capitalized":"1","header-menu-subtitle-font-family":"Roboto Condensed","header-menu-subtitle-font-size":11,"header-menu-font-color":"#8c95a2","header-menu-hover-font-color-style":"color","header-menu-hover-font-color":"#1f365c","header-menu-hover-font-gradient":["#dd3333","#0ce6ab"],"header-menu-active_item-font-color-style":"color","header-menu-active_item-font-color":"#1f365c","header-menu-active_item-font-gradient":["#dd3333","#0ce6ab"],"header-menu-icon-size":14,"header-menu-show_next_lvl_icons":"1","header-menu-item-padding-top":4,"header-menu-item-padding-right":0,"header-menu-item-padding-bottom":4,"header-menu-item-padding-left":0,"header-menu-item-margin-top":17,"header-menu-item-margin-right":0,"header-menu-item-margin-bottom":15,"header-menu-item-margin-left":0,"header-menu-item-surround_margins-style":"regular","header-menu-item-surround_margins-custom-margin":30,"header-menu-decoration-other-links-is_justified":"0","header-menu-show_dividers":"1","header-menu-dividers-height-style":"custom","header-menu-dividers-height":18,"header-menu-dividers-surround":"1","header-menu-dividers-color":"#333333","header-menu-dividers-opacity":12,"header-menu-decoration-style":"underline","header-menu-decoration-underline-direction":"upwards","header-menu-decoration-underline-color-style":"accent","header-menu-decoration-underline-color":"#ffb536","header-menu-decoration-underline-gradient":["#eeee22","#0bed56"],"header-menu-decoration-underline-line_size":"2","header-menu-decoration-other-hover-style":"background","header-menu-decoration-other-hover-color-style":"accent","header-menu-decoration-other-hover-color":"#ffffff","header-menu-decoration-other-hover-gradient":["#ffffff","#000000"],"header-menu-decoration-other-opacity":15,"header-menu-decoration-other-hover-line":"0","header-menu-decoration-other-hover-line-color-style":"gradient","header-menu-decoration-other-hover-line-color":"#dd3333","header-menu-decoration-other-hover-line-gradient":["#ffffff","#000000"],"header-menu-decoration-other-hover-line-opacity":23,"header-menu-decoration-other-active-style":"background","header-menu-decoration-other-active-color-style":"accent","header-menu-decoration-other-active-color":"#ffffff","header-menu-decoration-other-active-gradient":["#ffffff","#000000"],"header-menu-decoration-other-active-opacity":15,"header-menu-decoration-other-active-line":"0","header-menu-decoration-other-active-line-color-style":"color","header-menu-decoration-other-active-line-color":"#8224e3","header-menu-decoration-other-active-line-gradient":["#dd3333","#81d742"],"header-menu-decoration-other-active-line-opacity":30,"header-menu-decoration-other-click_decor":"1","header-menu-decoration-other-click_decor-color-style":"accent","header-menu-decoration-other-click_decor-color":"#ffffff","header-menu-decoration-other-click_decor-gradient":["#ffffff","#000000"],"header-menu-decoration-other-click_decor-opacity":20,"header-menu-decoration-other-border-radius":6,"header-menu-decoration-other-line_size":"2","header-menu-submenu-font-family":"Roboto Condensed:700","header-menu-submenu-font-size":14,"header-menu-submenu-font-is_uppercase":"1","header-menu-submenu-subtitle-font-family":"Roboto:400italic","header-menu-submenu-subtitle-font-size":11,"header-menu-submenu-font-color":"#1f365c","header-menu-submenu-hover-font-color-style":"accent","header-menu-submenu-hover-font-color":"#1f365c","header-menu-submenu-hover-font-gradient":["#81d742","#eeee22"],"header-menu-submenu-active-font-color-style":"accent","header-menu-submenu-active-font-color":"#1f365c","header-menu-submenu-active-font-gradient":["#81d742","#eeee22"],"header-menu-submenu-icon-size":14,"header-menu-submenu-show_next_lvl_icons":"1","header-menu-submenu-parent_is_clickable":"1","header-menu-submenu-item-padding-top":10,"header-menu-submenu-item-padding-right":10,"header-menu-submenu-item-padding-bottom":10,"header-menu-submenu-item-padding-left":10,"header-menu-submenu-item-margin-top":0,"header-menu-submenu-item-margin-right":0,"header-menu-submenu-item-margin-bottom":0,"header-menu-submenu-item-margin-left":0,"header-menu-submenu-bg-color":"#ffffff","header-menu-submenu-bg-opacity":100,"header-menu-submenu-bg-width":250,"header-menu-submenu-bg-hover":"none","header-side-menu-submenu-position":"down","header-elements-near_menu-font_family":"Open Sans Condensed:700","header-elements-near_menu-font_size":14,"header-elements-near_menu-font_color":"#1f365c","header-elements-near_logo-font_family":"Open Sans Condensed:700","header-elements-near_logo-font_size":18,"header-elements-near_logo-font_color":"#1f365c","header-elements-search-caption":"SEARCH","header-elements-search-icon":"1","header-elements-search-on-desktops":"show","header-elements-search-first-header-switch":"in_menu","header-elements-search-second-header-switch":"in_menu","header-elements-contact-address-caption":"SoHo 94 Broadway St New York, NY 10012","header-elements-contact-address-icon":"1","header-elements-contact-address-on-desktops":"show","header-elements-contact-address-first-header-switch":"near_logo","header-elements-contact-address-second-header-switch":"in_menu","header-elements-contact-phone-caption":"","header-elements-contact-phone-icon":"1","header-elements-contact-phone-on-desktops":"show","header-elements-contact-phone-first-header-switch":"near_logo","header-elements-contact-phone-second-header-switch":"in_menu","header-elements-contact-email-caption":"","header-elements-contact-email-icon":"1","header-elements-contact-email-on-desktops":"show","header-elements-contact-email-first-header-switch":"near_logo","header-elements-contact-email-second-header-switch":"in_menu","header-elements-contact-skype-caption":"","header-elements-contact-skype-icon":"1","header-elements-contact-skype-on-desktops":"show","header-elements-contact-skype-first-header-switch":"near_logo","header-elements-contact-skype-second-header-switch":"in_menu","header-elements-contact-clock-caption":"Mon - Fri: 9AM - 7PM","header-elements-contact-clock-icon":"1","header-elements-contact-clock-on-desktops":"show","header-elements-contact-clock-first-header-switch":"near_logo","header-elements-contact-clock-second-header-switch":"in_menu","header-elements-login-caption":"Login","header-elements-logout-caption":"Logout","header-elements-login-icon":"1","header-elements-login-use_logout_url":false,"header-elements-login-on-desktops":"show","header-elements-login-first-header-switch":"near_logo","header-elements-login-second-header-switch":"in_menu","header-elements-login-url":"","header-elements-login-logout_url":"","header-elements-text-on-desktops":"show","header-elements-text-first-header-switch":"near_logo","header-elements-text-second-header-switch":"hidden","header-elements-text":"<span style=\"font-size: 17px; line-height: 17px; color: #ffb536;\">GET FREE CONSULTATION!<\/span><br\/>\r\n<span style=\"font-size: 32px; line-height: 32px;\">001-234-5678<\/span>","header-elements-text-2-on-desktops":"show","header-elements-text-2-first-header-switch":"near_logo","header-elements-text-2-second-header-switch":"in_menu","header-elements-text-2":"Some call to action text goes here!","header-elements-text-3-on-desktops":"show","header-elements-text-3-first-header-switch":"near_logo","header-elements-text-3-second-header-switch":"in_menu","header-elements-text-3":"Some call to action text goes here!","header-elements-menu-on-desktops":"show","header-elements-menu-first-header-switch":"near_logo","header-elements-menu-second-header-switch":"hidden","header-elements-menu-style":"list","header-elements-menu2-on-desktops":"show","header-elements-menu2-first-header-switch":"near_logo","header-elements-menu2-second-header-switch":"in_menu","header-elements-menu2-style":"dropdown","header-elements-soc_icons-on-desktops":"show","header-elements-soc_icons-first-header-switch":"near_logo","header-elements-soc_icons-second-header-switch":"in_menu","header-elements-soc_icons-color":"#ffffff","header-elements-soc_icons-bg":"color","header-elements-soc_icons-bg-color":"#1f365c","header-elements-soc_icons-bg-opacity":100,"header-elements-soc_icons-bg-gradient":["#8224e3","#43d8c7"],"header-elements-soc_icons-hover-color":"#ffffff","header-elements-soc_icons-hover-bg":"accent","header-elements-soc_icons-hover-bg-color":"#ededed","header-elements-soc_icons-bg-hover-opacity":100,"header-elements-soc_icons-hover-bg-gradient":["#ef5689","#a6ff16"],"header-elements-soc_icons":[{"icon":"facebook","url":"http:\/\/www.facebook.com\/messagingservice"},{"icon":"twitter","url":"http:\/\/www.twitter.com\/accessdirect"},{"icon":"linkedin","url":"http:\/\/www.linkedin.com\/company\/2125229"},{"icon":"rss","url":"http:\/\/www.messagingservice.com\/feed\/"},{"icon":"google","url":"https:\/\/plus.google.com\/+Messagingservice\/posts"},{"icon":"you-tube","url":"http:\/\/www.youtube.com\/user\/accessdirect"}],"header-show_floating_navigation":"1","header-floating_navigation-style":"fade","header-floating_navigation-show_after":240,"header-floating_navigation-height":60,"header-floating_navigation-bg-color":"#ffffff","header-floating_navigation-bg-opacity":100,"header-floating_navigation-decoration":"shadow","header-floating_navigation-decoration-color":"#dd3333","header-floating_navigation-decoration-opacity":100,"header-mobile-first_switch-after":990,"header-mobile-first_switch-layout":"right_left","header-mobile-first_switch-height":90,"header-mobile-second_switch-after":778,"header-mobile-second_switch-layout":"right_left","header-mobile-second_switch-height":60,"header-mobile-floating_navigation":"menu_icon","header-mobile-menu-font-family":"Roboto Condensed:700","header-mobile-menu-font-size":17,"header-mobile-menu-font-is_capitalized":"1","header-mobile-submenu-font-family":"Roboto Condensed:700","header-mobile-submenu-font-size":14,"header-mobile-submenu-font-is_capitalized":false,"header-mobile-menu-font-color":"#1f365c","header-mobile-menu-font-hover-color-style":"accent","header-mobile-menu-font-hover-color":"#203961","header-mobile-menu-font-hover-gradient":["#81d742","#eeee22"],"header-mobile-menu-bg-color":"#ffffff","header-mobile-menu-bg-opacity":100,"header-mobile-menu-bg-width":340,"header-mobile-menu-align":"right","header-logo_regular":["\/wp-content\/uploads\/sites\/41\/2017\/06\/ass.png",1451],"header-logo_hd":["\/wp-content\/uploads\/sites\/41\/2017\/06\/as.png",1450],"header-logo-padding-top":0,"header-logo-padding-right":0,"header-logo-padding-bottom":0,"header-logo-padding-left":0,"header-style-transparent-choose_logo":"main","header-style-transparent-logo_regular":["",0],"header-style-transparent-logo_hd":["",0],"header-style-transparent-logo-padding-top":0,"header-style-transparent-logo-padding-right":0,"header-style-transparent-logo-padding-bottom":0,"header-style-transparent-logo-padding-left":0,"header-style-mixed-logo_regular":["",0],"header-style-mixed-logo_hd":["",0],"header-style-mixed-logo-padding-top":28,"header-style-mixed-logo-padding-right":0,"header-style-mixed-logo-padding-bottom":28,"header-style-mixed-logo-padding-left":0,"header-style-floating-choose_logo":"none","header-style-floating-logo_regular":["\/wp-content\/uploads\/sites\/41\/2017\/06\/fl.png",1409],"header-style-floating-logo_hd":["\/wp-content\/uploads\/sites\/41\/2017\/06\/fl-hd.png",1408],"header-style-floating-logo-padding-top":0,"header-style-floating-logo-padding-right":0,"header-style-floating-logo-padding-bottom":0,"header-style-floating-logo-padding-left":0,"header-mobile-first_switch-logo":"desktop","header-mobile-second_switch-logo":"mobile","header-style-mobile-logo_regular":["\/wp-content\/uploads\/sites\/41\/2017\/06\/sm.png",1720],"header-style-mobile-logo_hd":["\/wp-content\/uploads\/sites\/41\/2017\/06\/smm.png",1721],"header-style-mobile-logo-padding-top":0,"header-style-mobile-logo-padding-right":0,"header-style-mobile-logo-padding-bottom":0,"header-style-mobile-logo-padding-left":0,"bottom_bar-logo_regular":["\/wp-content\/uploads\/sites\/41\/2017\/06\/l-f.png",1375],"bottom_bar-logo_hd":["\/wp-content\/uploads\/sites\/41\/2017\/06\/l-f-hd.png",1374],"bottom_bar-logo-padding-top":10,"bottom_bar-logo-padding-right":15,"bottom_bar-logo-padding-bottom":10,"bottom_bar-logo-padding-left":0,"general-favicon":"\/wp-content\/uploads\/sites\/10\/2017\/03\/the7-new-fav1.gif","general-favicon_hd":"\/wp-content\/uploads\/sites\/10\/2017\/03\/the7-new-fav-hd1.gif","general-handheld_icon-old_iphone":"","general-handheld_icon-old_ipad":"","general-handheld_icon-retina_iphone":"","general-handheld_icon-retina_ipad":"","bottom_bar-copyrights":"\u00a9 The7 Corporate - 2017. All rights reserved.","bottom_bar-credits":false,"stripes-stripe_1_color":"#203961","stripes-stripe_1_bg_image":{"image":"","repeat":"repeat","position_x":"center","position_y":"center"},"stripes-stripe_1_outline":"hide","stripes-stripe_1_outline_color":"#ffffff","stripes-stripe_1_outline_opacity":10,"stripes-stripe_1_content_boxes_bg_color":"#888888","stripes-stripe_1_content_boxes_bg_opacity":8,"stripes-stripe_1_content_boxes_decoration":"none","stripes-stripe_1_content_boxes_decoration_outline_color":"#dd3333","stripes-stripe_1_content_boxes_decoration_outline_opacity":100,"stripes-stripe_1_headers_color":"#ff9f1a","stripes-stripe_1_text_color":"#dbdbdb","stripes-stripe_2_color":"#dbdbdb","stripes-stripe_2_bg_image":{"image":"","repeat":"repeat","position_x":"center","position_y":"center"},"stripes-stripe_2_outline":"hide","stripes-stripe_2_outline_color":"#c1edaf","stripes-stripe_2_outline_opacity":100,"stripes-stripe_2_content_boxes_bg_color":"#888888","stripes-stripe_2_content_boxes_bg_opacity":8,"stripes-stripe_2_content_boxes_decoration":"none","stripes-stripe_2_content_boxes_decoration_outline_color":"#ffffff","stripes-stripe_2_content_boxes_decoration_outline_opacity":100,"stripes-stripe_2_headers_color":"#203961","stripes-stripe_2_text_color":"#333333","stripes-stripe_3_color":"#dbdbdb","stripes-stripe_3_bg_image":{"image":"","repeat":"repeat","position_x":"center","position_y":"center"},"stripes-stripe_3_outline":"hide","stripes-stripe_3_outline_color":"#FFFFFF","stripes-stripe_3_outline_opacity":8,"stripes-stripe_3_content_boxes_bg_color":"#888888","stripes-stripe_3_content_boxes_bg_opacity":8,"stripes-stripe_3_content_boxes_decoration":"none","stripes-stripe_3_content_boxes_decoration_outline_color":"#ffffff","stripes-stripe_3_content_boxes_decoration_outline_opacity":100,"stripes-stripe_3_headers_color":"#203961","stripes-stripe_3_text_color":"#000000","sidebar-width":"360px","sidebar-vertical_distance":30,"sidebar-distance_to_content":50,"sidebar-visual_style":"with_widgets_bg","sidebar-divider-vertical":"0","sidebar-divider-horizontal":"0","sidebar-bg_color":"#f5f5f5","sidebar-bg_opacity":100,"sidebar-bg_image":{"image":"","repeat":"repeat","position_x":"center","position_y":"center"},"sidebar-decoration":"none","sidebar-decoration_outline_color":"#000000","sidebar-decoration_outline_opacity":6,"sidebar-headers_color":"#1f365c","sidebar-primary_text_color":"#8c95a2","sidebar-responsiveness":990,"footer-style":"solid_background","footer-bg_color":"#1f365c","footer-bg_opacity":100,"footer-decoration":"none","footer-decoration_outline_color":"#81d742","footer-decoration_outline_opacity":96,"footer-bg_image":{"image":"","repeat":"repeat","position_x":"center","position_y":"top"},"footer-slide-out-mode":"0","footer-headers_color":"#ffffff","footer-primary_text_color":"#949fb2","footer-padding-top":60,"footer-padding-bottom":25,"footer-paddings-columns":25,"footer-layout":"1\/4+1\/4+1\/4+1\/4","footer-collapse_after":990,"bottom_bar-enabled":"1","bottom_bar-style":"full_width_line","bottom_bar-bg_color":"#ffffff","bottom_bar-bg_opacity":12,"bottom_bar-bg_image":{"image":"","repeat":"repeat","position_x":"center","position_y":"top"},"bottom_bar-color":"#ffffff","bottom_bar-text":"","general-filter_style":"minimal","general-filter_style-minimal-border_radius":0,"general-filter_style-material-line_size":2,"general-filter-font-family":"Open Sans Condensed:700","general-filter-font-size":14,"general-filter_ucase":false,"general-filter-padding-top":4,"general-filter-padding-right":10,"general-filter-padding-bottom":4,"general-filter-padding-left":10,"general-filter-margin-top":0,"general-filter-margin-right":5,"general-filter-margin-bottom":0,"general-filter-margin-left":5,"general-navigation_margin":50,"blog-fancy_date-style":"horizontal","post-show_fancy_date":"1","post-show_fancy_categories":"1","blog-thumbnail_size":"resize","blog-thumbnail_proportions":{"width":2,"height":1},"general-show_author_in_blog":"1","general-next_prev_in_blog":"1","general-show_back_button_in_post":"1","general-blog_meta_on":"1","general-blog_meta_date":"1","general-blog_meta_author":"1","general-blog_meta_categories":"1","general-blog_meta_comments":"1","general-blog_meta_tags":"1","general-show_rel_posts":"1","general-rel_posts_head_title":"Related posts","general-rel_posts_max":6,"general-next_prev_in_portfolio":"1","general-show_back_button_in_project":"0","general-portfolio_meta_on":"1","general-portfolio_meta_date":"1","general-portfolio_meta_author":"1","general-portfolio_meta_categories":"1","general-portfolio_meta_comments":"1","general-show_rel_projects":"0","general-rel_projects_head_title":"Related projects","general-rel_projects_title":"1","general-rel_projects_excerpt":"1","general-rel_projects_info_date":"1","general-rel_projects_info_author":"1","general-rel_projects_info_comments":"1","general-rel_projects_info_categories":"1","general-rel_projects_link":"1","general-rel_projects_zoom":"1","general-rel_projects_details":"1","general-rel_projects_max":12,"general-rel_projects_fullwidth_height":210,"general-rel_projects_fullwidth_width_style":"prop","general-rel_projects_fullwidth_width":210,"general-rel_projects_height":180,"general-rel_projects_width_style":"prop","general-rel_projects_width":180,"general-next_prev_in_album":"1","general-show_back_button_in_album":"1","general-album_meta_on":"1","general-album_meta_date":"1","general-album_meta_author":false,"general-album_meta_categories":"1","general-album_meta_comments":false,"modules-portfolio-status":"enabled","modules-testimonials-status":"enabled","modules-team-status":"enabled","modules-logos-status":"enabled","modules-benefits-status":"enabled","modules-albums-status":"enabled","modules-slideshow-status":"enabled","general-title_align":"left","general-title_height":120,"page_title-padding-top":"30px","page_title-padding-bottom":"30px","general-show_titles":"1","general-title_size":34,"general-title_color":"#ffffff","general-show_breadcrumbs":"1","general-breadcrumbs_color":"#949fb2","general-breadcrumbs_bg_color":"disabled","general-title_bg_mode":"background","header-background":"normal","header-transparent_bg_color":"#ffffff","header-transparent_bg_opacity":90,"page_title-background-style-transparent-color_scheme":"light","general-title_bg_color":"#1f365c","general-title_bg_opacity":100,"general-title_decoration":"none","general-title_decoration_outline_color":"#1e73be","general-title_decoration_outline_opacity":0,"general-title_bg_gradient":["#4a66d6","#12b4ea"],"general-title_bg_image":{"image":"","repeat":"repeat","position_x":"center","position_y":"center"},"general-title_bg_fullscreen":false,"general-title_bg_fixed":false,"general-title_bg_parallax":"","content-headers_color":"#1f365c","content-primary_text_color":"#8c95a2","content-secondary_text_color":"#1f365c","fonts-font_family":"Open Sans","fonts-big_size":15,"fonts-big_size_line_height":23,"fonts-normal_size":14,"fonts-normal_size_line_height":22,"fonts-small_size":12,"fonts-small_size_line_height":20,"fonts-h1_font_family":"Open Sans Condensed:700","fonts-h1_font_size":40,"fonts-h1_line_height":46,"fonts-h1_uppercase":"1","fonts-h2_font_family":"Open Sans Condensed:700","fonts-h2_font_size":34,"fonts-h2_line_height":40,"fonts-h2_uppercase":"1","fonts-h3_font_family":"Open Sans Condensed:700","fonts-h3_font_size":26,"fonts-h3_line_height":32,"fonts-h3_uppercase":"1","fonts-h4_font_family":"Open Sans Condensed:700","fonts-h4_font_size":20,"fonts-h4_line_height":26,"fonts-h4_uppercase":"1","fonts-h5_font_family":"Open Sans Condensed:700","fonts-h5_font_size":18,"fonts-h5_line_height":24,"fonts-h5_uppercase":"1","fonts-h6_font_family":"Open Sans Condensed:300","fonts-h6_font_size":16,"fonts-h6_line_height":22,"fonts-h6_uppercase":false,"buttons-style":"flat","buttons-color_mode":"accent","buttons-color":"#ffce36","buttons-color_gradient":["#dd3333","#3a892a"],"buttons-hover_color_mode":"color","buttons-hover_color":"#f4a215","buttons-hover_color_gradient":["#dd3333","#3a892a"],"buttons-text_color_mode":"color","buttons-text_color":"#ffffff","buttons-text_hover_color_mode":"color","buttons-text_hover_color":"#ffffff","buttons-s_font_family":"Open Sans Condensed:700","buttons-s_font_size":15,"buttons-s_uppercase":"1","buttons-s_padding-top":6,"buttons-s_padding-right":12,"buttons-s_padding-bottom":6,"buttons-s_padding-left":12,"buttons-s_border_radius":0,"buttons-m_font_family":"Open Sans Condensed:700","buttons-m_font_size":16,"buttons-m_uppercase":"1","buttons-m_padding-top":10,"buttons-m_padding-right":18,"buttons-m_padding-bottom":10,"buttons-m_padding-left":16,"buttons-m_border_radius":0,"buttons-l_font_family":"Open Sans Condensed:700","buttons-l_font_size":24,"buttons-l_uppercase":"1","buttons-l_padding-top":20,"buttons-l_padding-right":24,"buttons-l_padding-bottom":20,"buttons-l_padding-left":24,"buttons-l_border_radius":0,"input_height":38,"input_border_radius":1,"input_color":"#8c95a2","input_border_color":"#333333","input_border_opacity":12,"input_bg_color":"#ffffff","input_bg_opacity":100,"image_hover-style":"none","image_hover-onclick_animation":false,"image_hover-default_icon":"none","image_hover-color_mode":"color","image_hover-color":"#1f365c","image_hover-color_gradient":["#000000","#303030"],"image_hover-opacity":30,"image_hover-project_icons_style":"accent","image_hover-album_miniatures_style":"style_2","image_hover-project_rollover_color_mode":"color","image_hover-project_rollover_color":"#1f365c","image_hover-project_rollover_color_gradient":["#000000","#303030"],"image_hover-project_rollover_opacity":80,"social_buttons-visibility":"allways","social_buttons-post-button_title":"Share this post","social_buttons-post":["facebook","google+","twitter","pinterest","linkedin"],"social_buttons-portfolio_post-button_title":"Share this post","social_buttons-portfolio_post":[],"social_buttons-photo-button_title":"Share this image","social_buttons-photo":[],"social_buttons-page-button_title":"Share this page","social_buttons-page":[],"widgetareas":{"3":{"sidebar_name":"Services","sidebar_desc":""},"1":{"sidebar_name":"Default Sidebar","sidebar_desc":"Sidebar primary widget area"},"2":{"sidebar_name":"Default Footer","sidebar_desc":"Footer primary widget area"}},"general-page_content_top_margin":70,"general-page_content_bottom_margin":70,"general-responsive":"1","general-side_content_paddings":50,"general-switch_content_paddings":778,"general-mobile_side_content_paddings":20,"general-images_lazy_loading":"1","general-smooth_scroll":"off","general-custom_css":"","general-post_back_button_target_page_id":9,"general-project_back_button_target_page_id":0,"general-album_back_button_target_page_id":0,"general-font_family":"Open Sans Condensed:700","general-title_line_height":40,"general-title_uppercase":"1","general-breadcrumbs_font_family":"Open Sans","general-breadcrumbs_font_size":12,"general-breadcrumbs_line_height":20,"breadcrumbs_border_radius":2,"general-title_decoration_line_color":"#dcdcdc","general-title_decoration_line_opacity":60,"general-title_scroll_effect":"default","general-title_enable_bg_img":"disabled","general-title_decoration_outline_height":1,"general-title_decoration_outline_style":"solid","general-title_dir_gradient":135,"general-title_bg_overlay":false,"general-title_overlay_color":"#000","general-title_bg_overlay_opacity":50,"general-title_decoration_line_height":1,"general-title_decoration_line_style":"solid","general-breadcrumbs_uppercase":false,"breadcrumbs_padding-top":"0","breadcrumbs_padding-right":"0","breadcrumbs_padding-bottom":"0","breadcrumbs_padding-left":"0","breadcrumbs_margin-top":"0px","breadcrumbs_margin-right":"0px","breadcrumbs_margin-bottom":"0px","breadcrumbs_margin-left":"0px","breadcrumbs_bg_color":"#ffffff","breadcrumbs_bg_opacity":20,"breadcrumbs_border_width":0,"breadcrumbs_border_color":"#ffffff","breadcrumbs_border_opacity":50,"general-titles_responsiveness":"1","general-titles-responsiveness-switch":990,"general-responsive_title_height":120,"general-responsive_title_size":26,"general-responsive_title_line_height":32,"general-title_responsive_breadcrumbs":false,"general-portfolio_thumbnail_size":"original","general-portfolio_thumbnail_proportions":{"width":3,"height":2}},"wp_settings":{"show_on_front":"page","page_on_front":"363","page_for_posts":"0"},"widgets_settings":{"widget_archives":{"2":{"title":"","count":0,"dropdown":0},"_multiwidget":1},"widget_meta":{"2":{"title":""},"_multiwidget":1},"widget_search":{"2":{"title":"Search"},"_multiwidget":1},"widget_text":{"2":{"title":"","text":"<a href=\"http:\/\/the7.io\/corporate\/wp-content\/uploads\/sites\/41\/2017\/05\/corp-footer-img.gif\"><img style=\"margin: 5px 0px 5px 0px; max-width: 100%;\" src=\"http:\/\/the7.io\/corporate\/wp-content\/uploads\/sites\/41\/2017\/05\/corp-footer-img.gif\" width=\"500\" \/><\/a>\r\n<p style=\"color: #ffffff; padding-bottom: 10px;\">Nam id sem quis mauris porttitor conse quat id vitae dolor - mauris ultricies mi dolor at pharetra.<\/p>\r\n[dt_default_button link=\"http:\/\/the7.io\/corporate\/contact\/\"]Get free consultation![\/dt_default_button]","filter":"content"},"_multiwidget":1},"widget_categories":{"2":{"title":"","count":0,"hierarchical":0,"dropdown":0},"_multiwidget":1},"widget_recent-posts":{"2":{"title":"","number":5},"_multiwidget":1},"widget_recent-comments":{"2":{"title":"Recent Comments","number":5},"_multiwidget":1},"widget_rss":{"1":[],"_multiwidget":1},"widget_presscore-contact-info-widget":{"3":{"title":"Contact Info","text":"","links":{"facebook":"#","twitter":"#","google":"#","dribbble":"","you-tube":"","rss":"","delicious":"","flickr":"","lastfm":"","linkedin":"#","vimeo":"","tumbler":"","pinterest":"","devian":"","skype":"","github":"","instagram":"#","stumbleupon":"","behance":"","mail":"","website":"","px-500":"","tripedvisor":"","vk":"","foursquare":"","xing":"","weibo":"","odnoklassniki":"","research-gate":"","yelp":"","blogger":"","soundcloud":""},"fields":[{"title":"Address:","content":"SoHo 94 Broadway St New York, NY 10012"},{"title":"Business hours:","content":"Mon - Fri: 9AM - 7PM"},{"title":"Phone number:","content":"001-234-5678"}]},"_multiwidget":1},"widget_presscore-custom-menu-1":{"2":{"title":"Our Services","menu":"15","divider":false,"bold_text":true,"show_arrow":true},"3":{"title":"Services","menu":"15","divider":false,"bold_text":false,"show_arrow":true},"_multiwidget":1},"widget_presscore-blog-posts":{"2":{"title":"Recent News","order":"DESC","orderby":"date","show":3,"select":"all","cats":[],"thumbnails":0,"round_images":0,"images_dimensions":{"w":40,"h":40},"show_excerpts":0},"3":{"title":"Recent Articles","order":"DESC","orderby":"date","show":6,"select":"all","cats":[],"thumbnails":1,"round_images":1,"images_dimensions":{"w":60,"h":60},"show_excerpts":0},"_multiwidget":1},"widget_presscore-contact-form-widget":{"2":{"title":"Any Questions?","text":"Maecenas feugiat, nulla eget maximus elementum, odio augue placerat est, nec semper nisl erat ac ex el convallis ligula commodo.","fields":{"name":{"on":true,"required":false},"email":{"on":true,"required":true},"telephone":{"on":true,"required":false},"country":{"on":false,"required":false},"city":{"on":false,"required":false},"company":{"on":false,"required":false},"website":{"on":false,"required":false},"message":{"on":true,"required":true}},"send_to":"","msg_height":4,"button_size":"m","button_title":""},"_multiwidget":1},"widget_presscore-photos":{"2":{"title":"FROM OUR GALLERY","order":"DESC","orderby":"rand","select":"all","show":12,"cats":[],"max_width":100},"_multiwidget":1},"sidebars_widgets":{"wp_inactive_widgets":["9022","9022"],"sidebar_3":["presscore-custom-menu-1-2","presscore-contact-form-widget-2"],"sidebar_1":["presscore-blog-posts-3","presscore-photos-2","recent-comments-2","search-2"],"sidebar_2":["text-2","presscore-contact-info-widget-3","presscore-custom-menu-1-3","presscore-blog-posts-2"],"array_version":3}},"nav_menu_locations":{"bottom":14,"primary":14,"mobile":14,"top":15},"ultimate_selected_google_fonts":[{"font_family":"Open+Sans+Condensed","font_name":"Open Sans Condensed","variants":[{"variant_value":"300","variant_selected":"false"},{"variant_value":"300italic","variant_selected":"false"},{"variant_value":"700","variant_selected":"true"}],"subsets":[{"subset_value":"latin-ext","subset_selected":"false"},{"subset_value":"vietnamese","subset_selected":"false"},{"subset_value":"greek-ext","subset_selected":"false"},{"subset_value":"latin","subset_selected":"false"},{"subset_value":"cyrillic-ext","subset_selected":"false"},{"subset_value":"cyrillic","subset_selected":"false"},{"subset_value":"greek","subset_selected":"false"}]}],"ultimate_icon_fonts":{"icomoon-icomoonfree-16x16":{"include":"smile_fonts\/icomoon-icomoonfree-16x16","folder":"smile_fonts\/icomoon-icomoonfree-16x16","style":"icomoon-icomoonfree-16x16\/icomoon-icomoonfree-16x16.css","config":"charmap.php"},"icomoon-numbers-32x32":{"include":"smile_fonts\/icomoon-numbers-32x32","folder":"smile_fonts\/icomoon-numbers-32x32","style":"icomoon-numbers-32x32\/icomoon-numbers-32x32.css","config":"charmap.php"}},"revolution_sliders":["the7-corporate"],"vc_settings":{"use_custom":"1","vc_color":"#f7f7f7","vc_color_hover":"#F0F0F0","vc_color_call_to_action_bg":"","vc_color_google_maps_bg":"","vc_color_post_slider_caption_bg":"","vc_color_progress_bar_bg":"","vc_color_separator_border":"","vc_color_tab_bg":"","vc_color_tab_bg_active":"","margin":"0px","gutter":"50","responsive_max":"778"}}